DC,Connected Server,Application,Server Type,Application Owners,App Environment
LVDC-GCG,CMHD-20SQL-02.GCDOMAIN.LOCAL,CLASS,NONPROD,DL_ECADataServicesManagement@epiqglobal.com, 
LVDC-USCUST,D054SQLDBCC02.USCUST.LOCAL,DBCC Offloading,PROD-DECOM, , 
LVDC-USCUST,P054ACRSQLU03.uscust.local,AACER,NONPROD,Keith Schwinn,
LVDC-USCUST,D054SQLDBCC03.USCUST.LOCAL,DBCC Offloading,PROD, , 
LVDC-USCUST,P054RVL1ASQL00.uscust.local,Reveal,DECOM,,
LVDC-Corp,P054INTSSMS01,Bankruptcy,NONPROD, ,
DQS,D061ESCAPPS01.dqscust.local\STATCOLLECTOR,StatCollector,NONPROD,EpiqMetricsDev@epiqglobal.com, 
TUDC,D077SQLDBCC01.amer.epiqcorp.com,DBCC Offloading,DECOM,IT-DBA@epiqglobal.com, 
TUDC,D077SQLDBCC02.amer.epiqcorp.com,DBCC Offloading,DECOM,IT-DBA@epiqglobal.com, 
TUDC,D077SQLDBCC03.amer.epiqcorp.com,DBCC Offloading,DECOM,IT-DBA@epiqglobal.com, 
TUDC,D077SQLDBCC04.amer.epiqcorp.com,DBCC Offloading,DECOM,IT-DBA@epiqglobal.com, 
TUDC,D077SQLDBCC05.amer.epiqcorp.com,DBCC Offloading,DECOM,IT-DBA@epiqglobal.com, 
LVDC-GCG,GCG-2020-SQINT.GCDOMAIN.LOCAL\INT ,2020,NONPROD,ECA_DataServicesLegacyTeam@epiqglobal.com,Legacy GCG
LVDC-GCG,GCG-2020SQTINT.GCDOMAIN.LOCAL\TINT,2020,NONPROD,ECA_DataServicesLegacyTeam@epiqglobal.com,Legacy GCG
UKDC,LON-U-DBA-01.CORP.DTIGLOBAL.COM\LDN_DBA_DEV,DBA utility,DECOM, , 
LVDC-GCG,DWHD-BGSQL01.GCDOMAIN.LOCAL\SQT1,CLASS,DECOM,DL_ECADataServicesManagement@epiqglobal.com, 
TKDC,P053UTLSQLS01.apcust.local\UTIL01,Utilities,DECOM, , 
LVDC-Corp,P054EBSLEGA01.AMER.EPIQCORP.COM,Bankruptcy,PROD, , 
LVDC-Corp,S061EBSLEGA01.AMER.EPIQCORP.COM,Bankruptcy,PROD, ,DECOM
LVDC-CORP,D054SQLDBCC01.amer.EPIQCORP.COM\SQL2019,DBA utility,DECOM,,
LVDC-USCUST,P054SQLCI1601.USCUST.LOCAL\PORTAL,DMX,PROD, , 
TUDC,TUK-U-DBA-01.corp.dtiglobal.com,SQL Management,DECOM,IT-DBA@epiqglobal.com, 
TUDC,ARM-P-IPRSQL-01.client.dtiglobal.com,Ecapture,DECOM,BAEBusinessAppE@epiqglobal.com, 
DQS,Q061ACRSQLS03.DQSCUST.LOCAL\AACER03,AACER,NONPROD,AACEROperations@epiqglobal.com, 
LVDC-EMS,ARQCSQL01.RLTVARC.local\EDDS,Relativity,PROD,RTTRelativityTe@epiqglobal.com,ARQ C
LVDC-EMS,ARQCSQL02.RLTVARC.LOCAL\REL01,Relativity,PROD,RTTRelativityTe@epiqglobal.com,ARQ C
LVDC-EMS,ARQCSQL03.RLTVARC.LOCAL\INVARIANT,Relativity,PROD,RTTRelativityTe@epiqglobal.com,ARQ C
LVDC-Corp,P016SQLC0101.AMER.EPIQCORP.COM\SQL01,Claims Matrix,PROD-DECOM,DL-ECADataServices@epiqglobal.com, 
LVDC-Corp,P016SQLC0102.AMER.EPIQCORP.COM\SQL02,Claims Matrix,PROD-DECOM,DL-ECADataServices@epiqglobal.com, 
DQS,Q061SQLCI6101.dqscust.local\AACER01,AACER,NONPROD,AACEROperations@epiqglobal.com, 
DQS,Q061SQLCI6102.dqscust.local\AACER02,AACER,NONPROD,AACEROperations@epiqglobal.com, 
LVDC-GCG,CMHD-CLSDEVSQ1.GCDOMAIN.LOCAL,CLASS,DECOM,ECA_DataServicesLegacyTeam@epiqglobal.com, 
DQS,Q061SQLCI0106.dqscust.local\UTIL01,Utilities,NONPROD-DECOM, ,CHG0068687
LVDC-GCG,CMH-KEYPASS.GCDOMAIN.LOCAL,KeyPass,DECOM,DL_ECADataServicesManagement@epiqglobal.com,ECAR has not released this server yet.
DQS,Q061SQLCI0105.dqscust.local\EDMX,DMX,NONPROD,DMX-Support@epiqglobal.com,RITM0138563
LVDC-GCG,CMHSQ01.GCDOMAIN.LOCAL\SQ01,CLASS,PROD-DECOM,ECA_DataServicesLegacyTeam@epiqglobal.com, 
LVDC-GCG,CMHT-CLSTSTSQ1.GCDOMAIN.LOCAL,CLASS,DECOM,ECA_DataServicesLegacyTeam@epiqglobal.com, 
LVDC-Corp,D016RDSWRKS01.AMER.EPIQCORP.COM\EDMADEV,RDS,NONPROD, , 
LVDC-Corp,D054EDWSISS01.AMER.EPIQCORP.COM,ECAR,NONPROD,DL_ECADataServicesManagement@epiqglobal.com, 
LVDC-Corp,D054EDWSQLS01.AMER.EPIQCORP.COM,ECAR,NONPROD,DL_ECADataServicesManagement@epiqglobal.com, 
LVDC-USCUST,D054SQLDBCC04.USCUST.LOCAL,DBCC Offloading,PROD-DECOM, , 
LVDC-USCUST,D054SQLDBCC05.USCUST.LOCAL,DBCC Offloading,PROD-DECOM, , 
LVDC-USCUST,D054SQLDBCC06.USCUST.LOCAL,DBCC Offloading,PROD-DECOM, , 
DQS,D061ACRSQLS01.dqscust.local\AACER01,AACER,NONPROD,AACEROperations@epiqglobal.com, 
DQS,D061BPLSQLS01.dqscust.local\BPL,BPL,NONPROD, , 
LVDC-Ranger,D061CMXSQLB01.RANGER.EPIQ\HIPAADA01,Claims Matrix,Decom,DL-ECADataServices@epiqglobal.com,Apr 25 2022
LVDC-Ranger,D061CMXSSRS01.RANGER.EPIQ\RNGRSSRSDEV,Claims Matrix,NONPROD,DL-ECADataServices@epiqglobal.com, 
DQS,D061CRMSQLA01.dqscust.local,CRM,NONPROD, , 
DQS,D061DDPSQLS01.dqscust.local\DDP,Doc Delivery Portal,NONPROD,Chapter 7, 
LVDC-Corp,D061EBSRPTB01.AMER.EPIQCORP.COM\EBSSSRS,SSRS,NONPROD,EBS-ProdDevTeam@epiqglobal.com, 
LVDC-Corp,D061EBSSQLB01.AMER.EPIQCORP.COM\EBS,Bankruptcy,NONPROD,EBS-ProdDevTeam@epiqglobal.com, 
DQS,D061ECASQLD01.dqscust.local\CEFASDEV,Claims Matrix,DECOM,DL_ECADataServicesManagement@epiqglobal.com, 
DQS,D061ECFSQLS01.dqscust.local\ECF,ECF (Epiq Court Filing),NONPROD,Chapter 11, 
DQS,D061PRTSQLS01.dqscust.local\PORTAL,EpiqService,NONPROD,Craig Brass, 
DQS,D061PRTSQLS01.dqscust.local\PORTALTEMP,EpiqService,NONPROD,Craig Brass, 
DQS,D061TCMSQLS01.dqscust.local\TCMS,Trustee Case Management System,NONPROD, , 
LVDC-Corp,D061TFSSQLS01.AMER.EPIQCORP.COM,TFS,NONPROD, , 
LVDC-Corp,D061WFECASQLS01.AMER.EPIQCORP.COM\SQL01,Claims Matrix,NONPROD, , 
LVDC-Corp,D061WFSQLSSRS01.AMER.EPIQCORP.COM\SSISRS,Claims Matrix,DECOM, , 
LVDC-EMS,ARQCSQL04.RLTVARC.LOCAL\REL02,Relativity,PROD,RTTRelativityTe@epiqglobal.com,ARQ C
TUDC,P077RL2ASQL03.client.dtiglobal.com\DIST03,Relativity,PROD,RTTRelativityTe@epiqglobal.com,Rel04
LVDC-GCG,CMHP-DYNGP01.GCDOMAIN.LOCAL,Dynamics,PROD,DL_ECADataServicesManagement@epiqglobal.com, 
LVDC-GCG,CMH-SQLARC1.GCDOMAIN.LOCAL,CLASS,PROD,ECA_DataServicesLegacyTeam@epiqglobal.com, 
LVDC-EMS,ARQFRLSQL00.ARQF.local,Relativity,DECOM,,Send decom request to ServerOps
LVDC-EMS,ARQFRLSQL01.ARQF.local,Relativity,DECOM,,Send decom request to ServerOps
DQS,E061PRTSQLS01.dqscust.local\PORTAL,EpiqService,NONPROD,Craig Brass, 
TUDC,EBIVM01.dpo.net,Billing,PROD-DECOM,Ben Fay,To be decom'd in 1- 2 years
TUDC,ebivm02.dpo.net,Billing,PROD-DECOM,Ben Fay,To be decom'd in 1- 2 years
LVDC-Corp,F054EDWSISS01.AMER.EPIQCORP.COM,ECAR,NONPROD,DL_ECADataServicesManagement@epiqglobal.com, 
LVDC-Corp,F054EDWSQLS01.AMER.EPIQCORP.COM,ECAR,NONPROD,DL_ECADataServicesManagement@epiqglobal.com, 
DQS,F061ACRSQLS01.dqscust.local\AACER02,AACER,NONPROD,AACEROperations@epiqglobal.com, 
DQS,F061CTXSQLS01.dqscust.local\CITRIXQAF,Citrix,NONPROD, , 
LVDC-Corp,F061EBSRPTB01.AMER.EPIQCORP.COM\EBSSSRS,Bankruptcy,NONPROD,EBS-ProdDevTeam@epiqglobal.com, 
DQS,F061ECASQLG01.dqscust.local\ECASWQA,Claims Matrix,DECOM,DL_ECADataServicesManagement@epiqglobal.com, 
DQS,F061ECASQLH01.dqscust.local\ECASWQA,Claims Matrix,DECOM,DL_ECADataServicesManagement@epiqglobal.com, 
TKDC,P053EQZSQL01.apcust.local\EQZPROD,EquivioZoom,DECOM,BAEBusinessAppE@epiqglobal.com,RITM0126142
TUDC,P077RL1OSQL01.client.dtiglobal.com\DIST01,Relativity,PROD,RTTRelativityTe@epiqglobal.com,Relativity49 (DTISEA09|Seattle)/ Rel 49/ DIST01
DQS,Q061SQLCI0801.dqscust.local\EDMX,DMX,DECOM,DMX-Support@epiqglobal.com, 
LVDC-USCUST,P054SQLCI6101.USCUST.LOCAL\AACER01,AACER,PROD,AACEROperations@epiqglobal.com,Main Prodution
LVDC-Corp,P054SQLCI3101.AMER.EPIQCORP.COM\EBS01,Bankruptcy,PROD,EBS-ProdDevTeam@epiqglobal.com, 
LVDC-USCUST,P054SQLCI5101.USCUST.LOCAL\TNET,Tnet,PROD, , 
LVDC-Corp,ET008-IFSEC01.EURO.EPIQCORP.COM\BSSERVER,Unknown,PROD, ,RITM0154765
LVDC-USCUST,P054ACRSQLS04.USCUST.LOCAL\AACERARCHIVE,AACER,PROD,AACEROperations@epiqglobal.com,Archive
LVDC-Corp,P054SQLCI0801.EPIQCORP.COM\SQLSENTRY,SentryOne,DECOM, , 
LVDC-USCUST,P054ACRSQLS03.USCUST.LOCAL\AACER03,AACER,PROD,AACEROperations@epiqglobal.com,Secondary
LVDC-EMS,ARQFRLSQL02.ARQF.local ,Relativity,DECOM,,Send decom request to ServerOps
LVDC-EMS,DM11NXLPSQL01.dm11.local,NEXLP,PROD,BAEBusinessAppE@epiqglobal.com, 
LVDC-EMS,DM12RLTVSQL01.DM12.LOCAL,Relativity,PROD,RTTRelativityTe@epiqglobal.com,Stinson02/ DM12/ PRIMARY
LVDC-EMS,DM12RLTVSQL02.DM12.LOCAL,Relativity,PROD,RTTRelativityTe@epiqglobal.com,Stinson02/ DM12/ INVARIANT
LVDC-EMS,DM12RLTVSQL03.DM12.LOCAL,Relativity,Prod,BAEBusinessAppE@epiqglobal.com,DM12/Nexlp
LVDC-EMS,DM14RLTVINVSQL01.DM14.LOCAL,Relativity,PROD,,
LVDC-EMS,DM16INVSQL01.DM16.LOCAL,Relativity,PROD-DECOM,RTTRelativityTe@epiqglobal.com,Plunkett01/ DM16/ INVARIANT
LVDC-EMS,DM16RLTVSQL01.DM16.LOCAL,Relativity,PROD,RTTRelativityTe@epiqglobal.com,Plunkett01/ DM16/ PRIMARY
LVDC-EMS,DM18LAWSQL01.DM18.LOCAL,LAW,DECOM,BAEBusinessAppE@epiqglobal.com, 
LVDC-EMS,DM18RLTVSQL01.DM18.LOCAL,Relativity,PROD, , 
LVDC-EMS,DM18RLTVSQL02.DM18.LOCAL,Relativity,PROD, , 
LVDC-EMS,DM1NLPSQLS01.RLTV.LOCAL\NEXLP,NexLP,PROD,BAEBusinessAppE@epiqglobal.com, 
LVDC-CORP,CA003-EQDBA02.amer.EPIQCORP.COM,Claims Matrix,Decom,,
LVDC-EMS,DM1RLTVSQL09.RLTV.LOCAL,Relativity,DECOM,RTTRelativityTe@epiqglobal.com,Decom per CHG0068279
LVDC-EMS,DM20RLTVINVSQL1.DM20.LOCAL,Relativity,PROD,RTTRelativityTe@epiqglobal.com,FOXROTHSCHILD01/ DM20/ INVARIANT
LVDC-EMS,DM20RLTVSQL01.DM20.LOCAL,Relativity,PROD,RTTRelativityTe@epiqglobal.com,FOXROTHSCHILD01/ DM20/ PRIMARY
LVDC-EMS,DM20RLTVSQL02.DM20.LOCAL,Relativity,PROD,RTTRelativityTe@epiqglobal.com,FOXROTHSCHILD01/ DM20/ DISTRIBUTED
LVDC-EMS,DM20RLTVSQL03.DM20.LOCAL,Relativity,PROD, ,DM 20
LVDC-EMS,DM21INVSQL01.DM21.LOCAL,Relativity,PROD,RTTRelativityTe@epiqglobal.com,Lathrop01/ DM21/ INVARIANT
LVDC-Corp,CA003-DVBSQL02.poorman-douglas.net,Claims Matrix,DECOM,,
LVDC-EMS,DM21RLTVSQL01.DM21.LOCAL,Relativity,PROD,RTTRelativityTe@epiqglobal.com,Lathrop01/ DM21/ PRIMARY
LVDC-EMS,DM22RELTSTSQL01.DM22.LOCAL,Relativity,NONPROD,RTTRelativityTe@epiqglobal.com,
LVDC-EMS,DM22RELTSTSQL02.DM22.local,Relativity,NONPROD,RTTRelativityTe@epiqglobal.com,
LVDC-EMS,DM54LAWSQL01.DM54.LOCAL,LAW,DECOM,BAEBusinessAppE@epiqglobal.com, 
LVDC-USCUST,P054SQLCI5102.USCUST.LOCAL\ECF,ECF (Epiq Court Filing),PROD, , 
LVDC-EMS,DM56LAWSQL01.DM56.LOCAL,LAW,DECOM,BAEBusinessAppE@epiqglobal.com, 
LVDC-Corp,P054SLWSQLS04.EPIQCORP.COM\SOLARWINDS,Solarwinds,PROD, , 
LVDC-Corp,ET016-DVITDEV1.EPIQCORP.COM,Unknown,NONPROD,,
LVDC-USCUST,P054SQLCI2201.USCUST.LOCAL\INTERCHANGE,Interchange,PROD, , 
LVDC-USCUST,P054EDXSQLS02.USCUST.LOCAL\EDMX,DMX,PROD, , 
LVDC-EMS,DM76VOSQL01.DM76.LOCAL,VenioOne,PROD,BAEBusinessAppE@epiqglobal.com, 
LVDC-EMS,DM77RLTSQL01.DM77.LOCAL,Relativity,DECOM,,TASK0276916
UKDC,P064SQLCI0301.eucust.local\PORTAL,EpiqService,PROD, , 
LVDC-USCUST,P054ECASQLQ02.USCUST.LOCAL\ECAQA02,Claims Matrix,DECOM,DL_ECADataServicesManagement@epiqglobal.com,DECOM
LVDC-Corp,P054MCEMCORE01.EPIQCORP.COM,MS Configuration Endpoint Manager,Prod,ServerOperations@epiqglobal.com,Internal - Patching
LVDC-Corp,P054IBFROOT02.EPIQCORP.COM,BigFix,PROD, , 
DEDC,P063WCRELSQL01.eucust.local,Relativity,PROD,RTTRelativityTe@epiqglobal.com, 
UKDC,P064WCRELSQL01.eucust.local,Relativity,PROD,RTTRelativityTe@epiqglobal.com, 
TUDC,P077RL2ASQL02.client.dtiglobal.com\DIST02,Relativity,PROD,RTTRelativityTe@epiqglobal.com,Rel04
TUDC,P077RL1QSQL02.client.dtiglobal.com\DIST02,Relativity,PROD, , 
KADC,P082EDXSQLS02.CACUST.LOCAL\EDMX,DMX,PROD,DMX-Support@epiqglobal.com, 
TUDC,P077RL1OSQL02.client.dtiglobal.com\DIST02,Relativity,PROD,RTTRelativityTe@epiqglobal.com,Relativity49 (DTISEA09|Seattle)/ Rel 49/ DIST02
UKDC,P064EDXSQLS02.eucust.local\EDMX,DMX,PROD, , 
TUDC,P077RL2ASQL01.client.dtiglobal.com\DIST01,Relativity,PROD,RTTRelativityTe@epiqglobal.com,Rel04
LVDC-USCUST,P054ECASSRD01.USCUST.LOCAL\SSRSDEV,Claims Matrix,DECOM,DL_ECADataServicesManagement@epiqglobal.com,DECOM
TUDC,P077RL1ZSQL03.client.dtiglobal.com\DIST03,Relativity,PROD,RTTRelativityTe@epiqglobal.com, 
LVDC-Corp,P054CRMSQLA02.EPIQCORP.COM\CRM,Dynamics,PROD, , 
LVDC-Corp,P054CRMSQLS01.EPIQCORP.COM\CRM,CRM,PROD, , 
LVDC-USCUST,P054DNFSQLS01.USCUST.LOCAL\DNF,EWF (Epiq Workflow),PROD,Mo Nasseri, 
LVDC-Corp,P054ECASQLS08.AMER.EPIQCORP.COM,Claims Matrix,PROD, , 
LVDC-Corp,P054ECASQLS09.AMER.EPIQCORP.COM,Claims Matrix,PROD, , 
LVDC-Corp,P054ECASQLS10.AMER.EPIQCORP.COM,Claims Matrix,PROD, , 
LVDC-Corp,P054ECASQLS11.AMER.EPIQCORP.COM,Claims Matrix,PROD, , 
LVDC-USCUST,P054EDSSQLA01.USCUST.LOCAL\EDSSSRSPROD,EDS-SSRS,DECOM, ,CHG0070788
LVDC-USCUST,P054SQLCI1501.USCUST.LOCAL\NEXLP,NexLP,PROD,BAEBusinessAppE@epiqglobal.com, 
DEDC-Por,P063REL2TSQL01.PAG.EPQPORSCHE.DE\DIS01,Relativity,PROD,RTTRelativityTe@epiqglobal.com,
LVDC-Corp,P054WFSQLCI0101.AMER.EPIQCORP.COM\SQL01,Claims Matrix,PROD,DL_ECADataServicesManagement@epiqglobal.com, 
KADC,P060SMRELSQL02.CACUST.LOCAL\REL01,Relativity,PROD,RTTRelativityTe@epiqglobal.com,Stikeman
LVDC-ITAR,P054UOR2QSQLS02.HCUSCUST.LOCAL\DIST01,Relativity,PROD,RTTRelativityTe@epiqglobal.com, 
SHDC,P056RELSQLS02.CHNCUST.LOCAL\REL01,Relativity,PROD,,Relativity2N (China)
LVDC-Corp,P054FACSQLA01.AMER.EPIQCORP.COM\ACTL,Access control,DECOM, ,DECOM
SHDC,SHZRLSQLDIST00\DIST00,Relativity,PROD,,Relativity(Huawei/Offline)
LVDC-USCUST,P054NLPSQLS01.USCUST.LOCAL,NexLP,PROD,BAEBusinessAppE@epiqglobal.com,
LVDC-Corp,P054WFSQLCI0201.AMER.EPIQCORP.COM\SQL01,Claims Matrix,PROD,DL_ECADataServicesManagement@epiqglobal.com, 
TUDC,P077RL1ISQL02.client.dtiglobal.com\DIST02,Relativity,PROD, , 
TUDC,P077RL1QSQL03.client.dtiglobal.com\DIST03,Relativity,PROD, , 
TUDC,P077RL1ISQL01.client.dtiglobal.com\DIST01,Relativity,PROD, , 
TUDC,P077RL1ISQL04.client.dtiglobal.com\DIST04,Relativity,PROD, , 
TKDC,P053RL1MSQL01.APCUST.LOCAL\DIS01,Relativity,PROD,RTTRelativityTe@epiqglobal.com, 
TKDC,P053RL1MSQL02.APCUST.LOCAL\DIS02,Relativity,PROD,RTTRelativityTe@epiqglobal.com, 
LVDC-USCUST,P054ECASQLA01.USCUST.LOCAL\ECASSRSPROD,Claims Matrix,PROD,DL-ECADataServices@epiqglobal.com, 
LVDC-Corp,P054ECASQLP51.AMER.EPIQCORP.COM,Claims Matrix,PROD, , 
LVDC-Corp,P054ECASQLP53.AMER.EPIQCORP.COM,Claims Matrix,PROD, , 
LVDC-Corp,P054ECASQLP54.AMER.EPIQCORP.COM,Claims Matrix,PROD, , 
LVDC-Corp,P054ECASQLP55.AMER.EPIQCORP.COM,Claims Matrix,PROD, , 
LVDC-Corp,P054ECASQLP80.AMER.EPIQCORP.COM,Claims Matrix,PROD,DL_ECADataServicesManagement@epiqglobal.com, 
LVDC-Corp,P054ECASQLS14.AMER.EPIQCORP.COM,Claims Matrix,PROD, , 
LVDC-USCUST,P054ETSRSDB01.USCUST.LOCAL\ETSSSRSPROD,ETS,PROD, , 
LVDC-USCUST,P054ETSSQLS01.USCUST.LOCAL\TNET,Tnet,PROD,Kevin Seals and Mark Duvall, 
LVDC-Ranger,P054FTCMXSQLP01.RANGER.EPIQ,Claims Matrix,PROD, , 
LVDC-Ranger,P054FTCMXSQLS01.RANGER.EPIQ,Claims Matrix,PROD, , 
LVDC-Corp,P054GRCSQLS01.EPIQCORP.COM\GRC,Archer/Corporate Compliance,PROD, , 
LVDC-Corp,P054IBFINVS01.EPIQCORP.COM,BigFix,PROD, , 
LVDC-USCUST,P054RL1BSQL01.USCUST.LOCAL\DIS01,Relativity,PROD,RTTRelativityTe@epiqglobal.com,Rel A (Epiq A)/ Rel A/ DISTRIBUTED
LVDC-USCUST,P054RL1BSQL02.USCUST.LOCAL\DIS02,Relativity,PROD,RTTRelativityTe@epiqglobal.com,Rel A (Epiq A)/ Rel A/ DISTRIBUTED
LVDC-USCUST,P054RL1BSQL03.USCUST.LOCAL\DIS03,Relativity,PROD,RTTRelativityTe@epiqglobal.com,Rel A (Epiq A)/ Rel A/ DISTRIBUTED
LVDC-USCUST,P054RL1BSQL04.USCUST.LOCAL\DIS04,Relativity,PROD,RTTRelativityTe@epiqglobal.com,Rel A (Epiq A)/ Rel A/ DISTRIBUTED
LVDC-USCUST,P054RL1BSQL05.USCUST.LOCAL\DIS05,Relativity,PROD,RTTRelativityTe@epiqglobal.com,Rel A (Epiq A)/ Rel A/ DISTRIBUTED
LVDC-USCUST,P054RL1BSQL06.USCUST.LOCAL\DIS06,Relativity,PROD,RTTRelativityTe@epiqglobal.com,Rel A (Epiq A)/ Rel A/ DISTRIBUTED
LVDC-USCUST,P054RL1BSQL07.USCUST.LOCAL\DIS07,Relativity,PROD,RTTRelativityTe@epiqglobal.com,Rel A (Epiq A)/ Rel A/ DISTRIBUTED
LVDC-USCUST,P054RL1BSQL08.USCUST.LOCAL\DIS08,Relativity,PROD,RTTRelativityTe@epiqglobal.com,Rel A (Epiq A)/ Rel A/ DISTRIBUTED
LVDC-USCUST,P054RL1BSQL09.USCUST.LOCAL\DIS09,Relativity,PROD,RTTRelativityTe@epiqglobal.com,Rel A (Epiq A)/ Rel A/ DISTRIBUTED
LVDC-USCUST,P054RL1BSQL10.USCUST.LOCAL\DIS10,Relativity,PROD,RTTRelativityTe@epiqglobal.com,Rel A (Epiq A)/ Rel A/ DISTRIBUTED
LVDC-USCUST,P054RL1BSQL11.USCUST.LOCAL\DIS11,Relativity,PROD,RTTRelativityTe@epiqglobal.com,Rel A (Epiq A)/ Rel A/ DISTRIBUTED
LVDC-USCUST,P054RL1BSQL12.USCUST.LOCAL\DIS12,Relativity,PROD,RTTRelativityTe@epiqglobal.com,Rel A (Epiq A)/ Rel A/ DISTRIBUTED
LVDC-USCUST,P054RL1BSQL13.USCUST.LOCAL\DIS13,Relativity,PROD,RTTRelativityTe@epiqglobal.com,Rel A (Epiq A)/ Rel A/ DISTRIBUTED
LVDC-USCUST,P054RL1BSQL14.USCUST.LOCAL\DIS14,Relativity,PROD,RTTRelativityTe@epiqglobal.com,Rel A (Epiq A)/ Rel A/ DISTRIBUTED
LVDC-USCUST,P054RL1ESQL01.USCUST.LOCAL\DIS01,Relativity,PROD,RTTRelativityTe@epiqglobal.com,Rel A (Epiq B)/ Rel B/ DISTRIBUTED
LVDC-USCUST,P054RL1ESQL02.USCUST.LOCAL\DIS02,Relativity,PROD,RTTRelativityTe@epiqglobal.com,Rel A (Epiq B)/ Rel B/ DISTRIBUTED
LVDC-USCUST,P054RL1ESQL03.USCUST.LOCAL\DIS03,Relativity,PROD,RTTRelativityTe@epiqglobal.com,Rel A (Epiq B)/ Rel B/ DISTRIBUTED
LVDC-USCUST,P054RL1ESQL04.USCUST.LOCAL\DIS04,Relativity,PROD,RTTRelativityTe@epiqglobal.com,Rel A (Epiq B)/ Rel B/ DISTRIBUTED
LVDC-Corp,P054SQLCI0802.EPIQCORP.COM\SOLARWINDS,Solarwinds,DECOM, , 
LVDC-EMS,DM7LAWSQL01.DM07.LOCAL,LAW,DECOM,BAEBusinessAppE@epiqglobal.com, 
LVDC-EMS,DM7RLTVSQL01.DM07.LOCAL,Relativity,DECOM,RTTRelativityTe@epiqglobal.com,DENTONS01/ DM07/ PRIMARY
LVDC-EMS,DM7RLTVSQL02.DM07.LOCAL,Relativity,DECOM,RTTRelativityTe@epiqglobal.com,DENTONS01/ DM07/ INVARIANT
LVDC-EMS,DM8LAWSQL03.DM08.LOCAL,LAW,PROD,BAEBusinessAppE@epiqglobal.com, 
LVDC-EMS,DM99VNOSQLT01.DM99.LOCAL,Venio,PROD-DECOM,BAEBusinessAppE@epiqglobal.com,
LVDC-EMS,IDSITSQL02.IDSP.LOCAL,Goanywhere,DECOM,BAEBusinessAppE@epiqglobal.com,Test GOA and Solarwinds Orian databases.
LVDC-EMS,IDSLEMSS02.IDSP.LOCAL,Unknown,PROD, , 
LVDC-USCUST,P054RL1ESQL05.USCUST.LOCAL\DIS05,Relativity,PROD,RTTRelativityTe@epiqglobal.com,Rel A (Epiq B)/ Rel B/ DISTRIBUTED
LVDC-USCUST,P054SQLCI6201.USCUST.LOCAL\AACER01,AACER,DECOM,AACEROperations@epiqglobal.com,
LVDC-EMS,IDSRDPSQL02.IDSP.LOCAL,RDS,PROD,RTTRelativityTe@epiqglobal.com, 
LVDC-EMS,P05475CTXSQLS01.DM75.LOCAL,Citrix,DECOM,James Luhring, 
LVDC-GCG,CMH2020SQPRD.GCDOMAIN.LOCAL\PRD1,2020,PROD-DECOM,ECA_DataServicesLegacyTeam@epiqglobal.com,Legacy GCG
LVDC-GCG,CMHSQ02.GCDOMAIN.LOCAL\SQ02,CLASS,PROD-DECOM,ECA_DataServicesLegacyTeam@epiqglobal.com, 
LVDC-GCG,CMHSQ03.GCDOMAIN.LOCAL\SQ03,CLASS,PROD-DECOM,ECA_DataServicesLegacyTeam@epiqglobal.com, 
LVDC-EMS,P054ARQARLSQL00.RLTVARC.LOCAL\EDDS,Relativity,PROD,RTTRelativityTe@epiqglobal.com, 
LVDC-EMS,P054ARQARLSQL01.RLTVARC.LOCAL\DIST01,Relativity,PROD,RTTRelativityTe@epiqglobal.com, 
LVDC-EMS,P054ARQARLSQL02.RLTVARC.LOCAL\DIST02,Relativity,PROD,RTTRelativityTe@epiqglobal.com, 
LVDC-USCUST,P054SQLCI6202.USCUST.LOCAL\AACER03,AACER,DECOM,AACEROperations@epiqglobal.com,
LVDC-USCUST,P054ACRSQLS05.USCUST.LOCAL\AACERRECON,AACER,PROD,AACEROperations@epiqglobal.com,Recon server
LVDC-EMS,P054ARQARLSQL03.RLTVARC.LOCAL\DIST03,Relativity,PROD,RTTRelativityTe@epiqglobal.com, 
LVDC-EMS,P054ARQARLSQL04.RLTVARC.LOCAL\DIST04,Relativity,PROD,RTTRelativityTe@epiqglobal.com, 
LVDC-EMS,P054ARQARLSQL05.RLTVARC.LOCAL\DIST05,Relativity,PROD,RTTRelativityTe@epiqglobal.com, 
LVDC-EMS,P054ARQARLSQL06.RLTVARC.LOCAL\DIST06,Relativity,PROD,RTTRelativityTe@epiqglobal.com, 
LVDC-Corp,P054JIRSQLS01.AMER.EPIQCORP.COM\JIRA,Jira,DECOM,Rich Calano,RITM0219015
LVDC-USCUST,P054RL1ESQL06.USCUST.LOCAL\DIS06,Relativity,PROD,RTTRelativityTe@epiqglobal.com,Rel A (Epiq B)/ Rel B/ DISTRIBUTED
DQS,L061EXTSQLB01.dqscust.local\EXTERRO,Exterro,NONPROD, , 
LVDC-USCUST,P054RL1ESQL07.USCUST.LOCAL\DIS07,Relativity,PROD,RTTRelativityTe@epiqglobal.com,Rel A (Epiq B)/ Rel B/ DISTRIBUTED
LVDC-USCUST,P054RL1ESQL08.USCUST.LOCAL\DIS08,Relativity,PROD,RTTRelativityTe@epiqglobal.com,Rel A (Epiq B)/ Rel B/ DISTRIBUTED
LVDC-ITAR,P054TRRELSQLS01.HCUSCUST.LOCAL\EDDS,Relativity,Decom,RTTRelativityTe@epiqglobal.com,Rel ITAR (Epiq ITAR)/ / EDDS
LVDC-USCUST,P054RL1ESQL09.USCUST.LOCAL\DIS09,Relativity,PROD,RTTRelativityTe@epiqglobal.com,Rel A (Epiq B)/ Rel B/ DISTRIBUTED
LVDC-USCUST,P054RL1ESQL10.USCUST.LOCAL\DIS10,Relativity,PROD,RTTRelativityTe@epiqglobal.com,Rel A (Epiq B)/ Rel B/ DISTRIBUTED
LVDC-USCUST,P054RL1ESQL11.USCUST.LOCAL\DIS11,Relativity,PROD,RTTRelativityTe@epiqglobal.com,Rel A (Epiq B)/ Rel B/ DISTRIBUTED
LVDC-USCUST,P054RL1ESQL12.USCUST.LOCAL\DIS12,Relativity,PROD,RTTRelativityTe@epiqglobal.com,Rel A (Epiq B)/ Rel B/ DISTRIBUTED
LVDC-EMS,P054ARQARLSQL07.RLTVARC.LOCAL\DIST07,Relativity,PROD,RTTRelativityTe@epiqglobal.com, 
LVDC-USCUST,P054RL1ESQL13.USCUST.LOCAL\DIS13,Relativity,PROD,RTTRelativityTe@epiqglobal.com,Rel A (Epiq B)/ Rel B/ DISTRIBUTED
LVDC-USCUST,P054RL1ESQL14.USCUST.LOCAL\DIS14,Relativity,PROD,RTTRelativityTe@epiqglobal.com,Rel A (Epiq B)/ Rel B/ DISTRIBUTED
LVDC-USCUST,P054RL1HSQL00.USCUST.LOCAL\EDDS,Relativity,PROD,RTTRelativityTe@epiqglobal.com,Rel A (Epiq C)/ RelC/ EDDS
LVDC-USCUST,P054RL1HSQL01.USCUST.LOCAL\DIS01,Relativity,PROD,RTTRelativityTe@epiqglobal.com,Rel A (Epiq C)/ Rel C/ DISTRIBUTED
LVDC-USCUST,P054RL1HSQL02.USCUST.LOCAL\DIS02,Relativity,PROD,RTTRelativityTe@epiqglobal.com,Rel A (Epiq C)/ Rel C/ DISTRIBUTED
LVDC-USCUST,P054RL1HSQL03.USCUST.LOCAL\DIS03,Relativity,PROD,RTTRelativityTe@epiqglobal.com,Rel A (Epiq C)/ Rel C/ DISTRIBUTED
LVDC-USCUST,P054RL1HSQL04.USCUST.LOCAL\DIS04,Relativity,PROD,RTTRelativityTe@epiqglobal.com,Rel A (Epiq C)/ Rel C/ DISTRIBUTED
LVDC-ITAR,P054RL1KSQL01.HCUSCUST.LOCAL\DIST01,Relativity,PROD,,
LVDC-ITAR,P054RL1KSQL02.HCUSCUST.LOCAL\DIST02,Relativity,PROD,,
LVDC-Corp,P054SQLMGMT03.EPIQCORP.COM\SQLADMIN,SQL Management,PROD,IT-DBA@epiqglobal.com, 
LVDC-Corp,P054SQLMGMT3.EPIQCORP.COM\SQLADMIN,SQL Management,PROD,IT-DBA@epiqglobal.com, 
LVDC-USCUST,P054UHGRLSQL02.USCUST.LOCAL\DIST01,Relativity,PROD,RTT, 
LVDC-USCUST,P054UHGRLSQL03.USCUST.LOCAL\DIST02,Relativity,PROD,RTT, 
LVDC-USCUST,P054UHGRLSQL04.USCUST.LOCAL\DIST03,Relativity,PROD,RTT, 
LVDC-Corp,P054WFCMXSQLF03.AMER.EPIQCORP.COM,Claims Matrix,PROD,DL_ECADataServicesManagement@epiqglobal.com, 
LVDC-Corp,P054WFCMXSQLP01.AMER.EPIQCORP.COM,Claims Matrix,PROD,DL_ECADataServicesManagement@epiqglobal.com, 
LVDC-Corp,P054WFCMXSQLP02.AMER.EPIQCORP.COM,Claims Matrix,PROD,DL_ECADataServicesManagement@epiqglobal.com, 
LVDC-Corp,P054WFCMXSQLS01.AMER.EPIQCORP.COM,Claims Matrix,PROD,DL_ECADataServicesManagement@epiqglobal.com, 
LVDC-Corp,P054WFCMXSQLS02.AMER.EPIQCORP.COM,Claims Matrix,PROD,DL_ECADataServicesManagement@epiqglobal.com, 
LVDC-Corp,P054WFCMXSQLS03.AMER.EPIQCORP.COM,Claims Matrix,PROD,DL_ECADataServicesManagement@epiqglobal.com, 
LVDC-Corp,P054WFCMXSQLS04.AMER.EPIQCORP.COM,Claims Matrix,PROD,DL_ECADataServicesManagement@epiqglobal.com, 
LVDC-Corp,P054WFSQLSSRS01.AMER.EPIQCORP.COM\SSISRS,Claims Matrix,PROD,DL_ECADataServicesManagement@epiqglobal.com, 
DEDC-Por,P063REL2TSQL02.PAG.EPQPORSCHE.DE\DIS02,Relativity,PROD,RTTRelativityTe@epiqglobal.com,
DEDC-Por,P063REL2TSQL03.PAG.EPQPORSCHE.DE\DIS03,Relativity,PROD,RTTRelativityTe@epiqglobal.com,
DEDC,P063RL1YSQL01.EUCUST.LOCAL\DIST01,Relativity,PROD,RTTRelativityTe@epiqglobal.com, 
DEDC,P063RL1YSQL02.EUCUST.LOCAL\DIST02,Relativity,PROD,RTTRelativityTe@epiqglobal.com, 
UKDC,P064RL1SSQL01.CLIENT.DTIGLOBAL.COM\DIST01,Relativity,PROD,,
UKDC,P064RL1SSQL02.CLIENT.DTIGLOBAL.COM\DIST02,Relativity,PROD,,
UKDC,P064RL1SSQL03.CLIENT.DTIGLOBAL.COM\DIST03,Relativity,PROD,,
UKDC,P064RL1SSQL04.CLIENT.DTIGLOBAL.COM\DIST04,Relativity,PROD,,
UKDC,P064RL1SSQL05.CLIENT.DTIGLOBAL.COM\DIST05,Relativity,PROD,,
UKDC,P064RL1SSQL06.CLIENT.DTIGLOBAL.COM\DIST06,Relativity,PROD,,
UKDC,P064RL1VSQL01.eucust.local\DIST01,Relativity,PROD, , 
UKDC,P064RL1VSQL02.eucust.local\DIST02,Relativity,PROD, , 
UKDC,P064RL1VSQL03.eucust.local\DIST03,Relativity,PROD, , 
LVDC-Corp,P053INFSQLS02.EPIQCORP.COM\ITPROD01,vSphere,DECOM,Zac B,REQ0220036
DQS,Q061RSASQLA01.dqscust.local\ADAPTIVEAUTH,RSA,NONPROD,IT, 
LVDC-USCUST,P054ACRRPTS01.USCUST.LOCAL\AACER,AACER,PROD,AACEROperations@epiqglobal.com,Reporting
UKDC,P064RL1VSQL04.eucust.local\DIST04,Relativity,PROD, , 
UKDC,P064RL1VSQL05.eucust.local\DIST05,Relativity,PROD, , 
SGDC,P075RL1PSQL01.client.dtiglobal.com\DIS01,Relativity,DECOM,RTT, 
UKDC,P064RL1VSQL06.eucust.local\DIST06,Relativity,PROD, , 
UKDC,P064RL1VSQL07.eucust.local\DIST07,Relativity,PROD, , 
UKDC,P064RL1VSQL08.eucust.local\DIST08,Relativity,PROD, , 
TUDC,P077RL1QSQL05.client.dtiglobal.com\DIST05,Relativity,PROD, , 
TUDC,P077RL1XSQL03.client.dtiglobal.com\DIST03,Relativity,PROD,RTTRelativityTe@epiqglobal.com,Rel01
TUDC,P077RL1QSQL04.client.dtiglobal.com\DIST04,Relativity,PROD, , 
TUDC,P077RL1LSQL02.client.dtiglobal.com\DIST02,Relativity,PROD,RTTRelativityTe@epiqglobal.com,REL48
TUDC,P077RL1XSQL05.client.dtiglobal.com\DIST05,Relativity,PROD,RTTRelativityTe@epiqglobal.com,Rel01
TUDC,P077RL1ZSQL02.client.dtiglobal.com\DIST02,Relativity,PROD,RTTRelativityTe@epiqglobal.com, 
TUDC,P077RL1XSQL02.client.dtiglobal.com\DIST02,Relativity,PROD,RTTRelativityTe@epiqglobal.com,Rel01
TUDC,P077RL1XSQL04.client.dtiglobal.com\DIST04,Relativity,PROD,RTTRelativityTe@epiqglobal.com,Rel01
TUDC,P077RL1OSQL03.client.dtiglobal.com\DIST03,Relativity,PROD,RTTRelativityTe@epiqglobal.com,Relativity49 (DTISEA09|Seattle)/ Rel 49/ DIST04
TUDC,P077RL1XSQL01.client.dtiglobal.com\DIST01,Relativity,PROD,RTTRelativityTe@epiqglobal.com,Rel01
TUDC,P077RL1ISQL03.client.dtiglobal.com\DIST03,Relativity,PROD, , 
TUDC,P077RL1OSQL04.client.dtiglobal.com\DIST04,Relativity,PROD,RTTRelativityTe@epiqglobal.com,Relativity49 (DTISEA09|Seattle)/ Rel 49/ DIST03
TUDC,P077RL1USQL01.client.dtiglobal.com\DIST01,Relativity,PROD, , 
TUDC,P077RL1LSQL04.client.dtiglobal.com\DIST04,Relativity,PROD,RTTRelativityTe@epiqglobal.com,REL48
TUDC,P077RL1LSQL03.client.dtiglobal.com\DIST03,Relativity,PROD,RTTRelativityTe@epiqglobal.com,REL48
TUDC,P077RL1LSQL07.client.dtiglobal.com\DIST07,Relativity,PROD,RTTRelativityTe@epiqglobal.com,REL48
TUDC,P077RL1LSQL08.client.dtiglobal.com\DIST08,Relativity,PROD,RTTRelativityTe@epiqglobal.com,REL48
TUDC,P077REL2FSQLV01.client.dtiglobal.com\DIST01,Relativity,PROD,RTTRelativityTe@epiqglobal.com, 
TUDC,P077RL1LSQL05.client.dtiglobal.com\DIST05,Relativity,PROD,RTTRelativityTe@epiqglobal.com,REL48
TUDC,P072ACRSQLS04DR.client.dtiglobal.com\AACER01,AACER,DR,AACEROperations@epiqglobal.com, 
TUDC,P077RL1ZSQL01.client.dtiglobal.com\DIST01,Relativity,PROD,RTTRelativityTe@epiqglobal.com, 
TUDC,P077RL1LSQL06.client.dtiglobal.com\DIST06,Relativity,PROD,RTTRelativityTe@epiqglobal.com,REL48
TUDC,P077VCTSQLS01.client.dtiglobal.com\MSSQL,Vector,PROD, , 
TUDC,P077RL2ASQL00.client.dtiglobal.com\EDDS,Relativity,PROD,RTTRelativityTe@epiqglobal.com,Rel04
TUDC,P077RL1QSQL00.client.dtiglobal.com\EDDS,Relativity,PROD, , 
TUDC,P077REL2FSQLV00.client.dtiglobal.com\EDDS,Relativity,PROD,RTTRelativityTe@epiqglobal.com, 
TUDC,P077RL1XSQL00.client.dtiglobal.com\EDDS,Relativity,PROD,RTTRelativityTe@epiqglobal.com,Rel01
TUDC,P077RL1QSQL01.client.dtiglobal.com\DIST01,Relativity,PROD, , 
TUDC,TUK-H-NLSQLV-01.client.dtiglobal.com\NLSQL01,NexLP,PROD,BAEBusinessAppE@epiqglobal.com, 
TUDC,P077RL1ISQL00.client.dtiglobal.com\EDDS,Relativity,PROD, , 
TUDC-ITAR,P077RL1CSQL01.client.dtiglobal.com\DIST01,Relativity,PROD,RTTRelativityTe@epiqglobal.com,REL46
TUDC,TUK-P-OPSQL-11.client.dtiglobal.com,NuixReporting,PROD,Holmes Cooper, 
TUDC,P077LAWSQLS01.CLIENT.DTIGLOBAL.COM\LAW01,LAW,PROD,BAEBusinessAppE@epiqglobal.com, 
TUDC,P077OPSSQLS01.client.dtiglobal.com\OPSQL02,NuixReporting,PROD,BAEBusinessAppE@epiqglobal.com,
LVDC-GCG,P081ECALBNS01.GCDOMAIN.LOCAL\LBNETL,CLASS,PROD-DECOM,ECA_DataServicesLegacyTeam@epiqglobal.com, 
TUDC,ADTUKFSQL600.adiclient.com,Leverage,PROD,BAEBusinessAppE@epiqglobal.com,
KADC,P082SMRLSQL01.CACUST.LOCAL\DIST01,Relativity,DECOM,RTTRelativityTe@epiqglobal.com,Alias to P060SMRELSQL02
KADC,P082SMRLSQL02.CACUST.LOCAL\DIST02,Relativity,DECOM, , 
LVDC-Corp,Q054EDWSISS01.AMER.EPIQCORP.COM,ECAR,NONPROD,DL_ECADataServicesManagement@epiqglobal.com, 
LVDC-Corp,Q054EDWSQLS01.AMER.EPIQCORP.COM,ECAR,NONPROD,DL_ECADataServicesManagement@epiqglobal.com, 
LVDC-USCUST,P054ACRSQLU01.USCUST.LOCAL\AACER01ACCC,AACER,NONPROD,AACEROperations@epiqglobal.com, 
DQS,Q061BPLSQLS01.dqscust.local\BPL,BPL,NONPROD, , 
DQS,Q061DDPSQLS01.dqscust.local\DDP,Document Delivery Portal,NONPROD,Chapter 7, 
LVDC-Corp,Q061EBSRPTB01.AMER.EPIQCORP.COM\EBSSSRS,Bankruptcy,NONPROD,EBS-ProdDevTeam@epiqglobal.com, 
LVDC-Corp,Q061EBSSQLB01.AMER.EPIQCORP.COM\EBS,Bankruptcy,NONPROD,EBS-ProdDevTeam@epiqglobal.com, 
DQS,Q061ECFSQLS01.dqscust.local\ECF,ECF (Epiq Court Filing),NONPROD,Chapter 11, 
LVDC-Corp,Q061GRCSQLS01.EPIQCORP.COM\GRCDEV,Archer/Corporate Compliance,NONPROD, , 
DQS,Q061SQLCI0103.dqscust.local\EQND,EquivioNearDupes,DECOM,BAEBusinessAppE@epiqglobal.com,"Decom confirmed by Carlos Z, Craig B:  RITM0138563"
LVDC-GCG,P054CLSSQLP01.GCDOMAIN.LOCAL,CLASS,NONPROD,DL_ECADataServicesManagement@epiqglobal.com,
LVDC-GCG,P054CLSSQLS01.GCDOMAIN.LOCAL,CLASS,PROD,DL_ECADataServicesManagement@epiqglobal.com,
TUDC,TUK-P-OPSQL-13.client.dtiglobal.com,NuixReporting,PROD,Holmes Cooper, 
LVDC-USCUST,P054ACRRPTU01.USCUST.LOCAL\AACER,AACER,NONPROD,AACEROperations@epiqglobal.com, 
DQS,Q061TNTSQLS01.dqscust.local\TNET,TNET,NONPROD, , 
LVDC-Corp,Q061WFECASQLS01.AMER.EPIQCORP.COM,Claims Matrix,DECOM,DL_ECADataServicesManagement@epiqglobal.com,CHG0070727
DQS,S061BPLSQLS01.dqscust.local\BPL,BPL,NONPROD, , 
DQS,S061DDPSQLS01.dqscust.local\DDP,Document Delivery Portal,NONPROD,Chapter 7, 
DQS,S061DNFSQLS01.dqscust.local\CFP,EWF (Epiq Workflow),NONPROD,Mo Nasseri, 
LVDC-Corp,S061EBSRPTB01.AMER.EPIQCORP.COM\EBSSSRS,Bankruptcy,NONPROD,EBS-ProdDevTeam@epiqglobal.com, 
LVDC-Corp,S061EBSSQLB01.AMER.EPIQCORP.COM\EBS,Bankruptcy,DECOM,EBS-ProdDevTeam@epiqglobal.com, 
DQS,S061ECFSQLS01.dqscust.local\ECF,ECF (Epiq Court Filing),NONPROD,Chapter 11, 
DQS,S061TCMSQLS01.dqscust.local\TCMS,TCMS = Trustee Case Management System,NONPROD,Chapter 7, 
TUDC-ITAR,P077RL1CSQL02.client.dtiglobal.com\DIST02,Relativity,PROD,RTTRelativityTe@epiqglobal.com, 
LFDC,P078RL2SSQL01.EUCUST.LOCAL\DIST01,Relativity,PROD,,
TUDC,TUK-H-RLSQLV-21.client.dtiglobal.com\RLSQL21,Relativity,DECOM,RTTRelativityTe@epiqglobal.com,Relativity46 (DTISEA06|MTO)/ Rel 46/ EDDS
TUDC,TUK-H-RLSQLV-22.client.dtiglobal.com\RLSQL22,Relativity,DECOM,RTTRelativityTe@epiqglobal.com,Relativity46 (DTISEA06|MTO)/ Rel 46/ DISTRIBUTED
TUDC,TUK-H-RLSQLV-50.client.dtiglobal.com\RLSQL50,Relativity,DECOM,RTTRelativityTe@epiqglobal.com,Relativity32 (DTISEA03|GM)/ Rel 32/ EDDS
TUDC,TUK-H-RLSQLV-51.client.dtiglobal.com\RLSQL51,Relativity,DECOM,RTTRelativityTe@epiqglobal.com,Relativity32 (DTISEA03|GM)/ Rel 32/ DISTRIBUTED
TUDC,TUK-H-RLSQLV-52.client.dtiglobal.com\RLSQL52,Relativity,DECOM,RTTRelativityTe@epiqglobal.com,Relativity32 (DTISEA03|GM)/ Rel 32/ DISTRIBUTED
TUDC,TUK-H-RLSQL-955.client.dtiglobal.com,Relativity,DECOM,RTTRelativityTe@epiqglobal.com,DTIATL01 / Relativity1/ TEST instance
TUDC,PDB01.dpo.net\PDB01,DiscoveryPartner,DECOM,David De Looze,RITM0216456
TUDC,SDB03.dpo.net\SDB03,DiscoveryPartner,DECOM,David De Looze,RITM0216456
TUDC,SDB04.dpo.net\SDB04,DiscoveryPartner,DECOM,David De Looze,RITM0216456
TUDC,SEAIPROSQL01.dpo.net\SEAIPROSQL01,Ecapture,DECOM,"Ops Engineering/ Tae Yi, Jared Knutson",Send decom request to ServerOps
TUDC,TUK-P-OPSQLV-01.client.dtiglobal.com\OPSQL01,EquivioZoom,DECOM,BAEBusinessAppE@epiqglobal.com, 
TUDC,TUK-P-OPSQLV-03.client.dtiglobal.com\OPSQL03,Ecapture,DECOM,"Ops Engineering/ Tae Yi, Jared Knutson", 
TUDC,TUK-P-OPSQLV-04.client.dtiglobal.com\OPSQL04,Allegro,DECOM,Holmes Cooper, 
AUDC,P641TOMSQL01.WORDWAVE.COM.AU,TOMS,PROD,Oliver Kurz,
LVDC-USCUST,P054RL2USQL01.uscust.local\DIST01,Relativity,Prod,RTTRelativityTe@epiqglobal.com,
HKDC,P062RL1JSQL00.APCUST.LOCAL\EDDS,Relativity,Prod,RTT, 
HKDC,P062RL1JSQL01.APCUST.LOCAL\DIS01,Relativity,Prod,RTT, 
HKDC,P062RL1JSQL02.APCUST.LOCAL\DIS02,Relativity,Prod,RTT, 
TUDC,TUK-P-VNSQLV-01.client.dtiglobal.com\VNSQL01,Venio,DECOM,BAEBusinessAppE@epiqglobal.com, 
TUDC,TUK-P-VNSQLV-02.client.dtiglobal.com\VNSQL02,Venio,DECOM,BAEBusinessAppE@epiqglobal.com, 
KADC,P082NLPSQLS01.CACUST.LOCAL\NEXLP,NEXLP,PROD,BAEBusinessAppE@epiqglobal.com, 
TUDC,tuk-t-opssql-01.lab.dtiglobal.com\OPSSQL01,Ecapture,DECOM,"Ops Engineering/ Tae Yi, Jared Knutson",CHG0069029
TUDC,TUK-T-RL93D-01.LAB.DTIGLOBAL.COM\RL93D01,Relativity,DECOM,RTTRelativityTe@epiqglobal.com, 
TUDC,tuk-t-rl93qa-01.lab.dtiglobal.com\DRSQL,Relativity,DECOM,RTTRelativityTe@epiqglobal.com, 
TUDC,TUK-T-RLSQL-100.lab.dtiglobal.com\RLSQL100,Relativity,DECOM,RTTRelativityTe@epiqglobal.com, 
TUDC,TUK-T-RLSQL-101.lab.dtiglobal.com\RLSQL101,Relativity,DECOM,RTTRelativityTe@epiqglobal.com, 
LVDC-Corp,W054WFSQLCL0101.AMER.EPIQCORP.COM\DRSQL01,Claims Matrix,DR, , 
LVDC-Corp,Z054IEMAPPS01.AMER.EPIQCORP.COM,Security?,NONPROD, , 
DQS,Z061DMXSQLS01.dqscust.local\FIRENZIAPOC,Demo,DECOM, , 
DQS,Z061PRTSQLS01.dqscust.local\EDMX,DMX,DECOM,DMX-Support@epiqglobal.com,RITM0221636 
DQS,Z061PRTSQLS01.dqscust.local\EQND,EquivioNearDupes,DECOM,BAEBusinessAppE@epiqglobal.com,RITM0221636 
DQS,Z061PRTSQLS01.dqscust.local\PORTAL,EpiqService,DECOM,Craig Brass,RITM0221636 
DQS,Z061RELSQLS03.dqscust.local\EDDS,Relativity,DECOM,RTTRelativityTe@epiqglobal.com, 
DQS,Z061RELSQLS04.dqscust.local\REL01,Relativity,DECOM,RTTRelativityTe@epiqglobal.com, 
LVDC-Corp,F061ESRSQLS01.AMER.EPIQCORP.COM\EPIQDIRECTORY,EpiqService,PROD, , 
LVDC-Corp,P054VMWSVCS01.EPIQCORP.COM,vSphere,DECOM, , 
LVDC-Corp,P054VMWSVCS01.EPIQCORP.COM\VEEAMSQL2012,Veeam,Decom, , 
LVDC-Corp,P054CIGSQLS01.AMER.EPIQCORP.COM,Claims Matrix,PROD,DL_ECADataServicesManagement@epiqglobal.com, 
LVDC-Corp,P054EBSSQLS01.AMER.EPIQCORP.COM\EBS01,Bankruptcy,PROD, , 
LVDC-Corp,P016VMWSVCS01.AMER.EPIQCORP.COM\VEEAMSQL2012,Veeam,DECOM, , 
LVDC-EMS,P054ARQBRLSQL00.RLTVARC.LOCAL\EDDS,Relativity,PROD,RTTRelativityTe@epiqglobal.com, 
LVDC-Corp,P054CCASQLS01.AMER.EPIQCORP.COM,Attendance system,PROD,ECAR Operations -India, 
LVDC-USCUST,P054CTXSQLS02.USCUST.LOCAL,Citrix,PROD, , 
LVDC-Corp,P054ECASQLS13.AMER.EPIQCORP.COM,Claims Matrix,PROD,"Josh Ball, DL-ECASoftwareSupport@epiqglobal.com", 
LVDC-Corp,P054KMSLICS02.EPIQCORP.COM\ADK,Licensing,Decom, , 
LVDC-USCUST,P054OCTSQLS01.USCUST.LOCAL,Octopus,PROD,Kevin Seals, 
HKDC,P062VMVAPPSB1.apcust.local\VDI,Vmware,Decom, , 
DEDC,P063ICTXSQLS01.EUCUST.LOCAL,Citrix,PROD, , 
UKDC,Q061ACRSQLS03,Citrix,PROD, , 
LVDC-Corp,P071CORUTIL01.AMER.EPIQCORP.COM,Litigation,PROD, , 
TUDC,P077RL1OSQL00.client.dtiglobal.com\EDDS,Relativity,PROD,RTTRelativityTe@epiqglobal.com,Relativity49 (DTISEA09|Seattle)/ Rel 49/ EDDS
KADC,P082INFSQLS01.CACUST.LOCAL,vSphere,PROD,ServerOps, 
AUDC,AUS-D-ALLSQL-60.WORDWAVE.COM.AU,TOMS,NONPROD,Oliver Kurz, 
AUDC,AUS-I-SQL-48.WORDWAVE.COM.AU\TOPS,TOPS,Decom,,
AUDC,AUS-I-SQL-48.WORDWAVE.COM.AU\TOPSPROD,TOPS,Decom,,
AUDC,AUS-D-SQL-88.WORDWAVE.COM.AU\DEV,TOMS,NONPROD,,
LVDC-Corp,P054ESRSQLS01.AMER.EPIQCORP.COM\EPIQDIRECTORY,EpiqService,PROD, , 
LVDC-Corp,P054II3SQLS01.AMER.EPIQCORP.COM\CIC,Interactive Intelligence (I3 Phone System),PROD,ECATelco@epiqglobal.com, 
LVDC-Corp,D016RDSWRKS04.AMER.EPIQCORP.COM,RDS,NONPROD, , 
LVDC-Corp,D054XMPSQL01.AMER.EPIQCORP.COM,XMPie,NONPROD,BAE, 
DQS,D061AFISQLS01.dqscust.local\AUTOMATEDFILING,AutomatedFiling,NONPROD, , 
LVDC-Corp,D061CRMSQLS01.EPIQCORP.COM\CRM,Dynamics,DECOM,ECARDynamicsTeam@epiqglobal.com, 
LVDC-Corp,D061EBSSSIB01.AMER.EPIQCORP.COM\EBSSSISDEV,Bankruptcy,NONPROD,EBS-ProdDevTeam@epiqglobal.com, 
LVDC-Corp,D061ECASQLS03.AMER.EPIQCORP.COM\ECA,Claims Matrix,DECOM,DL_ECADataServicesManagement@epiqglobal.com, 
LVDC-Corp,D061ECASQLS05.AMER.EPIQCORP.COM\ECA,Claims Matrix,NONPROD,DL_ECADataServicesManagement@epiqglobal.com, 
DQS,D061ECASSIS01.dqscust.local\ECASSIS,SSIS,NONPROD,DL_ECADataServicesManagement@epiqglobal.com, 
DQS,D061ECASSRS01.dqscust.local\ECASSSRS,SSRS,NONPROD,DL_ECADataServicesManagement@epiqglobal.com, 
DQS,D061EDXSQLS03.dqscust.local\EDMX,DMX,NONPROD,DMX-Support@epiqglobal.com, 
DQS,d061edxsqls03.dqscust.local\EDX,DMX,NONPROD,Craig Brass, 
LVDC-Corp,D061ESRSQLS01.AMER.EPIQCORP.COM\EPIQDIRECTORY,EpiqService,NONPROD, , 
LVDC-Corp,D061NAVSQLS01.EPIQCORP.COM\NAVISION,Navision,NONPROD, , 
DQS,D061NTCSQLS01.dqscust.local\NOTICING,Chap 13,NONPROD,"Shayne Salisbury, Michelle Davis", 
DQS,D061NTCSQLS02.dqscust.local\PRINTANDMAIL,Chap 13,NONPROD,"Shayne Salisbury, Michelle Davis", 
DQS,D061NUIXSQLD01.dqscust.local,Nuix,NONPROD,Chapter 11, 
DQS,D061OCRSQLS01.dqscust.local\OCR,OCR,NONPROD, , 
DQS,D061PRTSQLS02.dqscust.local\PORTAL,Portal,NONPROD, , 
LVDC-Corp,P054SECMCSQL01.AMER.EPIQCORP.COM\MCS,SECM,PROD,Cybersecurity_All_Employees@epiqglobal.com,McAfee
DQS,D061STSSQLS01.dqscust.local\ESS,Epiq Corp Doc Storage System,NONPROD,Chapter 7, 
DQS,D061STTSQLS01.dqscust.local\STT,STT,NONPROD, , 
LVDC-Corp,D061TRNSQLS01.AMER.EPIQCORP.COM\LEARNDEVELOP,Training,DECOM, ,DECOM
AUDC,Q076TOMSQL01.WORDWAVE.COM.AU\TOMS,TOMS,NONPROD,Oliver Kurz,
TKDC,P053ACTXSQL02.APCUST.LOCAL,Citrix,PROD,,
LVDC-Corp,P054WFSQLSSRP01.AMER.EPIQCORP.COM,Claims Matrix,PROD,DL_ECADataServicesManagement@epiqglobal.com, 
TUDC,P077VCTSQLS10.CLIENT.DTIGLOBAL.COM,Vector,PROD, , 
TUDC,P077RL1LSQL00.client.dtiglobal.com\EDDS,Relativity,PROD,RTTRelativityTe@epiqglobal.com,REL48
KADC,P082CLSSQLS01.AMER.EPIQCORP.COM,Checkbox,PROD,ECAR data services, 
LVDC-Corp,S061ESRSQLS01.AMER.EPIQCORP.COM\EPIQDIRECTORY,EpiqService,PROD, , 
LVDC-EMS,P054ARQBRLSQL01.RLTVARC.LOCAL\DIST01,Relativity,PROD,RTTRelativityTe@epiqglobal.com, 
DEDC,P063RL1YSQL00.EUCUST.LOCAL\EDDS,Relativity,PROD,RTTRelativityTe@epiqglobal.com, 
DEDC-Por,P063REL2TSQL00.PAG.EPQPORSCHE.DE\EDDS,Relativity,PROD,RTTRelativityTe@epiqglobal.com,
KADC,P060SMRELSQL01.CACUST.LOCAL\EDDS,Relativity,PROD,RTTRelativityTe@epiqglobal.com,Stikeman
KADC,P082RL1GSQL00.CACUST.LOCAL\EDDS,Relativity,PROD,RTTRelativityTe@epiqglobal.com,relativity.epiqsystems.ca
LFDC,P078RL2SSQL00.EUCUST.LOCAL\EDDS,Relativity,PROD,,
DEDC,P063UTLSQLS01.eucust.local\UTIL01,Octopus,DECOM,Product Developement, 
UKDC,P064ARQSQL01.eucust.local,Relativity,DECOM,RTTRelativityTe@epiqglobal.com,TASK0372748
LVDC-EMS,P054ARQBRLSQL02.RLTVARC.LOCAL\DIST02,Relativity,PROD,RTTRelativityTe@epiqglobal.com, 
LVDC-EMS,P054ARQBRLSQL03.RLTVARC.LOCAL\DIST03,Relativity,PROD,RTTRelativityTe@epiqglobal.com, 
LVDC-EMS,P054ARQBRLSQL04.RLTVARC.LOCAL\DIST04,Relativity,PROD,RTTRelativityTe@epiqglobal.com, 
LVDC-ITAR,P054RL1KSQL00.HCUSCUST.LOCAL\EDDS,Relativity,PROD,,
LVDC-USCUST,P054RL2USQL02.uscust.local\DIST02,Relativity,Prod,RTTRelativityTe@epiqglobal.com,
LVDC-EMS,P054ARQBRLSQL05.RLTVARC.LOCAL\DIST05,Relativity,PROD,RTTRelativityTe@epiqglobal.com, 
DQS,E061EDXSQLS03.dqscust.local\EDMX,DMX,NONPROD, , 
DQS,E061EQNSQLS01.dqscust.local\EQND (RITM0184179),EquivioNearDupes,NONPROD, , 
LVDC-EMS,P054ARQDRLSQL01.EMSCUST.LOCAL\EDDS,Relativity,PROD,RTTRelativityTe@epiqglobal.com,ARQ-D
DQS,E061PRTSQLS02.dqscust.local\PORTAL,Portal,NONPROD, , 
LVDC-USCUST,P054RL1BSQL00.USCUST.LOCAL\EDDS,Relativity,PROD,RTTRelativityTe@epiqglobal.com,Rel A (Epiq A)/ Rel A/ EDDS
HKDC,P062GOASQLS01.APCUST.LOCAL\GOANYWHERE,Goanywhere,DECOM,BAEBusinessAppE@epiqglobal.com,RITM0222441
DQS,F061AFISQLS01.dqscust.local\AUTOMATEDFILING,AutomatedFiling,NONPROD, , 
LVDC-USCUST,P054RL1ESQL00.USCUST.LOCAL\EDDS,Relativity,PROD,RTTRelativityTe@epiqglobal.com,Rel A (Epiq B)/ RelB/ EDDS
LVDC-EMS,P054ARQDRLSQL02.EMSCUST.LOCAL\DIST01,Relativity,PROD,RTTRelativityTe@epiqglobal.com,ARQ-D
DQS,F061ECASQLA02.dqscust.local\NAVISION,Navision,DECOM,DL_ECADataServicesManagement@epiqglobal.com,"REQ0187256,CHG0065165"
DQS,F061ECPSQLS02.dqscust.local\ECAPTURE,Ecapture,NONPROD-DECOM,DL_ECADataServicesManagement@epiqglobal.com, 
DQS,F061ECPSQLS03.dqscust.local\ECAPTURE,Ecapture,NONPROD-DECOM, , 
DQS,F061EDXSQLS02.dqscust.local\EDMX,DMX,NONPROD,DMX-Support@epiqglobal.com, 
DQS,f061edxsqls02.dqscust.local\EDX,DMX,NONPROD,Craig Brass, 
DQS,F061ESCAPPS01.dqscust.local\STATCOLLECTOR,StatCollector,NONPROD,EpiqMetricsDev@epiqglobal.com, 
LVDC-EMS,P054ARQDRLSQL03.EMSCUST.LOCAL\DIST02,Relativity,PROD,RTTRelativityTe@epiqglobal.com,ARQ-D
DQS,F061NLPSQLS01.dqscust.local\NEXLP,NexLP,NONPROD, , 
DQS,F061NTCSQLS01.dqscust.local\NOTICING,Chap 13,NONPROD,"Shayne Salisbury, Michelle Davis", 
DQS,F061NTCSQLS02.dqscust.local\PRINTANDMAIL,Chap 13,NONPROD,"Shayne Salisbury, Michelle Davis", 
DQS,F061OCRSQLS01.dqscust.local\OCR,OCR,NONPROD, , 
DQS,F061PRTSQLS02.dqscust.local\PORTAL,Portal,NONPROD, , 
DQS,F061STSSQLS01.dqscust.local\ESS,STS = Epiq Corp Doc Storage System,NONPROD,Chapter 11, 
PDC,FIOSCORPSQL.fiosinc.com,FIOS,DECOM, ,Send decom request to ServerOps
HKDC,P062LAWSQLA01.APCUST.LOCAL\LAW,LAW,DECOM,BAEBusinessAppE@epiqglobal.com, 
LVDC-USCUST,P054UHGRLSQL01.USCUST.LOCAL\EDDS,Relativity,PROD,RTT, 
LVDC-GCG,CMH2020SQABBYY.GCDOMAIN.LOCAL\ABY1,2020,PROD,ECA_DataServicesLegacyTeam@epiqglobal.com,Legacy GCG
DQS,L061EXTSQLS03.dqscust.local\EXTERRO,Exterro,DECOM, , 
LVDC-Corp,L061SCOAPPS01.EPIQCORP.COM\MSORCH_LAB,Unknown,NONPROD, , 
LVDC-USCUST,P054RL2USQL00.uscust.local\EDDS,Relativity,Prod,RTTRelativityTe@epiqglobal.com,
LVDC-GCG,NY1-ADT.GCDOMAIN.LOCAL,CLASS,PROD-DECOM,DL_ECADataServicesManagement@epiqglobal.com, 
LVDC-CORP,P016FIMSQLS01.EPIQCORP.COM\FIMPROD,Forefront Identity Manager,DECOM, ,Send decom request to ServerOps
LVDC-Ranger,P016IGNMON01.RANGER.EPIQ\SQLADMIN,SQL Management,Decom, ,RITM0170942
DEDC,P063WCRELINVSQL01.EUCUST.LOCAL,Relativity,PROD,RTTRelativityTe@epiqglobal.com, 
LVDC-GCG,CMH2020SQUAT.GCDOMAIN.LOCAL\UAT1,2020,PROD,ECA_DataServicesLegacyTeam@epiqglobal.com,Legacy GCG
LVDC-GCG,CMHI-WINPAK.GCDOMAIN.LOCAL,legacy GCG,PROD,ECA_DataServicesLegacyTeam@epiqglobal.com, 
SHDC,RLSQL01,Relativity,PROD,,Relativity(Huawei/Offline)
SHDC,P056RELSQLS01.CHNCUST.LOCAL\EDDS,Relativity,PROD,,Relativity2N (China)
LVDC-EMS,P054ARQDRLSQL04.EMSCUST.LOCAL\DIST03,Relativity,PROD,RTTRelativityTe@epiqglobal.com,ARQ-D
LVDC-EMS,P054ARQDRLSQL05.EMSCUST.LOCAL\DIST04,Relativity,PROD,RTTRelativityTe@epiqglobal.com,ARQ-D
LVDC-EMS,P054ARQERLSQL01.ARQE.LOCAL,Relativity,PROD,,
SHDC,SHZRLSQLEDDS\EDDS,Relativity,PROD,,Relativity(Huawei/Offline)
LVDC-ITAR,P054TREDXSQLS02.HCUSCUST.LOCAL\EDMX,DMX,PROD,DMX-Support@epiqglobal.com, 
TKDC,P053RL1MSQL00.APCUST.LOCAL\EDDS,Relativity,PROD,RTTRelativityTe@epiqglobal.com, 
LVDC-Ranger,P054CICMXSQLP01.RANGER.EPIQ,Claims Matrix,PROD, , 
LVDC-Ranger,P054CICMXSQLS01.RANGER.EPIQ,Claims Matrix,PROD, , 
LVDC-EMS,P054ARQERLSQL02.ARQE.LOCAL,Relativity,PROD,,
LVDC-Ranger,P054HICMXSQLP01.RANGER.EPIQ,Claims Matrix,PROD, , 
LVDC-Ranger,P054HICMXSQLS01.RANGER.EPIQ,Claims Matrix,PROD, , 
TUDC,P077RL1ZSQL00.client.dtiglobal.com\EDDS,Relativity,PROD,RTTRelativityTe@epiqglobal.com, 
LFDC,P078CTXSQLS01.EUCUST.LOCAL\CITRIX,Citrix,DECOM,,CHG0071204
TUDC,TUK-P-OPSQL-12.client.dtiglobal.com,NuixReporting,PROD,Holmes Cooper, 
TUDC,TUK-P-OPSQL-14.client.dtiglobal.com,NuixReporting,PROD,Holmes Cooper, 
LVDC-Corp,P054BSFSQLU01.AMER.EPIQCORP.COM,Bulk Securities Server,NONPROD,BAEBusinessAppE@epiqglobal.com, 
LVDC,P077FOSSQLS01.client.dtiglobal.com,FIOS-ADP,PROD,Ramon Caldera, 
LVDC-USCUST,P054ESCAPPS01.USCUST.LOCAL\STATCOLLECTOR,StatCollector,PROD,EpiqMetricsDev@epiqglobal.com, 
LVDC-Corp,P054CMXSQLS02.AMER.EPIQCORP.COM,Claims Matrix,NONPROD,DL-ECADataServices@epiqglobal.com, 
TUDC,P077RL1USQL00.client.dtiglobal.com\EDDS,Relativity,PROD, , 
TUDC,TUK-I-SQLSEN-01.corp.dtiglobal.com,SentryOne,PROD,Senthel Raghavan, 
TUDC,P077RL1FSQL01.client.dtiglobal.com\DIST01,Relativity,PROD,RTTRelativityTe@epiqglobal.com, 
TUDC,TUK-H-FMAUDT-01.client.dtiglobal.com,FM,PROD,Hanif Barnwell, 
TUDC,P077RL1FSQL00.client.dtiglobal.com\EDDS,Relativity,PROD,RTTRelativityTe@epiqglobal.com, 
UKDC,P064RL1SSQL00.CLIENT.DTIGLOBAL.COM\EDDS,Relativity,PROD,,
UKDC,P064RL1VSQL00.eucust.local\EDDS,Relativity,PROD, , 
UKDC,P064WCRELINVSQL.eucust.local,Relativity,PROD,RTTRelativityTe@epiqglobal.com, 
TUDC,P077SQLMGMT02.corp.dtiglobal.com,SQL Management,PROD,IT-DBA@epiqglobal.com,
TUDC-ITAR,P077RL1CSQL00.client.dtiglobal.com\EDDS,Relativity,PROD,RTTRelativityTe@epiqglobal.com,REL46
TUDC,TUK-I-CMSQLV-04.corp.dtiglobal.com\CMSQL04,EpiqScriptUtility,PROD,"Ops Engineering/Tae Yi, Jared Knutson", 
TUDC,P077RL1LSQL01.client.dtiglobal.com\DIST01,Relativity,PROD,RTTRelativityTe@epiqglobal.com, 
KADC,P082RL1GSQL01.CACUST.LOCAL\DIST01,Relativity,Prod,RTTRelativityTe@epiqglobal.com,relativity.epiqsystems.ca
LVDC-Corp,P054CORSQLS02.AMER.EPIQCORP.COM\CORP,Corporate Website,DECOM, , 
KADC,P082RL1GSQL02.CACUST.LOCAL\DIST02,Relativity,Prod,RTTRelativityTe@epiqglobal.com,relativity.epiqsystems.ca
UKDC,P064LAWSQL02.client.dtiglobal.com,LAW,PROD,,
UKDC,P064SDASQL01.eucust.local,Data warehouse,PROD,HL-UK@epiqglobal.com,Structed data analysis for Hogen Lovells (EMS)
TUDC,TUK-T-OPSSQL-02.client.dtiglobal.com,Ecapture,NONPROD,"Ops Engineering/ Tae Yi, Jared Knutson", 
LVDC-Corp,P054SENSQLS01.EPIQCORP.COM,SentryOne,PROD,IT-DBA,
LVDC-Corp,P054ECASISS01.AMER.EPIQCORP.COM,Claims Matrix,PROD, , 
LVDC-Corp,P054CRMSQLQ01.EPIQCORP.COM\CRM,CRM,DECOM, , 
LVDC-Corp,P054ECASQLP52.AMER.EPIQCORP.COM,Claims Matrix,PROD, , 
LVDC-Corp,P054ECASQLS04.AMER.EPIQCORP.COM\DWPROD,Claims Matrix,DECOM,DL_ECADataServicesManagement@epiqglobal.com, 
LVDC-Corp,P054ECASQLP56.AMER.EPIQCORP.COM,Claims Matrix,PROD, , 
LVDC-Corp,P054ECASQLS12.AMER.EPIQCORP.COM,Claims Matrix,PROD, , 
HKDC,P062EDXSQLS02.APCUST.LOCAL\EDMX,DMX,PROD,ServerOps, 
TUDC,TUK-T-ITMSQL-31.client.dtiglobal.com\ITMSQL,ITOM,NONPROD,BAEBusinessAppE@epiqglobal.com, 
LVDC-EMS,P054ARQERLSQL03.ARQE.LOCAL,Relativity,PROD,,
LVDC-EMS,P054ARQERLSQL04.ARQE.LOCAL\DIST04,Relativity,PROD,,
DEDC,P063EDXSQLS02.eucust.local\EDMX,DMX,PROD, , 
LFDC,P078APPSQLS01.EUCUST.LOCAL\APPS01,Nuix,PROD,,
LFDC,P078APPSQLS01.EUCUST.LOCAL\NUIX,Nuix,PROD,,
LVDC-Corp,P054ECASISP51.AMER.EPIQCORP.COM,Claims Matrix,PROD, , 
LVDC-Corp,P054ECASQLP71.AMER.EPIQCORP.COM,Claims Matrix,PROD, , 
LVDC-Corp,P054ECASRSP51.AMER.EPIQCORP.COM,Claims Matrix,PROD, , 
LVDC-Corp,P054ECASRSS01.AMER.EPIQCORP.COM,Claims Matrix,PROD, , 
LVDC-Corp,P054ECRSQLA01.AMER.EPIQCORP.COM\SSISPROD,Claims Matrix,PROD,DL-ECADataServices@epiqglobal.com, 
LVDC-Corp,P054ECRSQLA02.AMER.EPIQCORP.COM\ECARPROD,Claims Matrix,PROD,DL-ECADataServices@epiqglobal.com, 
LVDC-Corp,S061CORSQLS01.AMER.EPIQCORP.COM\EPIQSYSTEMS,epiqsystems.com,DECOM, , 
LVDC-Corp,F061CRMSQLS01.EPIQCORP.COM\CRM,Dynamics,DECOM, , 
LVDC-EMS,P054BSRELSQL01.DM61.LOCAL,Relativity,PROD,,
LVDC-EMS,P054BSRELSQL02.DM61.LOCAL,Relativity,PROD,,
LVDC-Ranger,P054ECASISS04.RANGER.EPIQ,Claims Matrix,PROD, , 
LVDC-Ranger,P054ECASRSS04.RANGER.EPIQ,Claims Matrix,PROD, , 
LVDC-USCUST,P054RELSQLC04.USCUST.LOCAL,Relativity,DECOM, ,CHG0067981
LVDC-USCUST,P054ACSSQLS01.uscust.local,NUIX,PROD,Ops Engineering,
LVDC-USCUST,P054PRCSQLS01.uscust.local,NUIX,PROD,Ops Engineering,
TUDC,P077ACSSQLS01.client.dtiglobal.com,Access Control,PROD,Lsops,Access control
TUDC,D077ENGSQLS01.client.dtiglobal.com,Operations Engineering,NONPROD,Jared Knutson,
TUDC,P077CTXSQLS02.CLIENT.DTIGLOBAL.COM,Citrix,PROD, , 
DQS,S061OCRSQLS01.dqscust.local\OCR,OCR,NONPROD, , 
HKDC,P062CTXSQLS01.APCUST.LOCAL\CITRIX,Citrix,PROD,ServerOps, 
LVDC-EMS,P054CLINVSQL01.DM85.LOCAL,Relativity,PROD,RTTRelativityTe@epiqglobal.com, 
LVDC-Corp,F061EBSSQLB01.AMER.EPIQCORP.COM\EBS,Bankruptcy,PROD,EBS-ProdDevTeam@epiqglobal.com, 
LVDC-Corp,P054ECASQLS06.AMER.EPIQCORP.COM\SQLADMIN,Claims Matrix,PROD, , 
LVDC-Corp,P054ECASQLS07.AMER.EPIQCORP.COM\DASQL07,Claims Matrix,PROD, , 
LVDC-Corp,P054EDWSISS01.AMER.EPIQCORP.COM,ECAR,PROD,DL_ECADataServicesManagement@epiqglobal.com, 
LVDC-EMS,P054CLRELSQL01.DM85.LOCAL,Relativity,PROD,RTTRelativityTe@epiqglobal.com, 
LVDC-EMS,P054D01LAWSQL01.IDSP.LOCAL,LAW,PROD,BAEBusinessAppE@epiqglobal.com, 
LVDC-Corp,P054ECASQLP72.AMER.EPIQCORP.COM,Wells Fargo Training,NONPROD,joball@epiqglobal.com, 
LVDC-Corp,P054EDWSQLS01.AMER.EPIQCORP.COM,ECAR,PROD,DL_ECADataServicesManagement@epiqglobal.com, 
LVDC-Corp,P054DCSSQLS01.AMER.EPIQCORP.COM,ECAR,PROD,ECAR,
LVDC-Corp,P054ECASQLS05.AMER.EPIQCORP.COM\DWDEV,Claims Matrix,DECOM,DL_ECADataServicesManagement@epiqglobal.com, 
LVDC-EMS,P054D05LAWSQL01.DM05.LOCAL,LAW,PROD, , 
LVDC-ITAR,P054TRSQLMGMT04.HCUSCUST.LOCAL\SQLADMIN,SQL Management,PROD,IT-DBA@epiqglobal.com, 
LVDC-Corp,P054WFCMXSQLS05.AMER.EPIQCORP.COM\SQL01,Claims Matrix,PROD,DL_ECADataServicesManagement@epiqglobal.com, 
LVDC-Corp,P054WFCMXSQLS06.AMER.EPIQCORP.COM\SQL01,Claims Matrix,PROD,DL_ECADataServicesManagement@epiqglobal.com, 
LVDC-Corp,P054ECRSQLA03.AMER.EPIQCORP.COM\ECARDEV,Claims Matrix,NONPROD,DL-ECADataServices@epiqglobal.com, 
LVDC-EMS,P054D08RLSQL00.DM08.LOCAL\EDDS,Relativity,PROD,,
LVDC-EMS,P054D08RLSQL01.DM08.LOCAL\DIS01,Relativity,PROD,,
LVDC-EMS,P054D09RLSQL00.DM09.LOCAL\EDDS,Relativity,PROD,,
LVDC-EMS,P054D09RLSQL01.DM09.LOCAL\DIS01,Relativity,PROD,,
LVDC-USCUST,P054EXTSQLS01.uscust.local\EXTERRO,Exterro,DECOM, ,Send decom request to ServerOps
LVDC-EMS,P054D11LAWSQL01.dm11.local\LAW,LAW,PROD,BAEBusinessAppE@epiqglobal.com,
LVDC-EMS,P054D11RLSQL00.DM11.LOCAL\EDDS,Relativity,PROD,RTTRelativityTe@epiqglobal.com, 
LVDC-EMS,P054D11RLSQL01.DM11.LOCAL\DIS01,Relativity,PROD,RTTRelativityTe@epiqglobal.com, 
LVDC-EMS,P054D12RLSQL00.DM12.LOCAL\EDDS,Relativity,PROD,RTTRelativityTe@epiqglobal.com,
LVDC-EMS,P054D12RLSQL01.DM12.LOCAL\DIST01,Relativity,PROD,RTTRelativityTe@epiqglobal.com,
LVDC-USCUST,P054EQNSQLS02.USCUST.LOCAL\EQND,EquivioNearDupes,DECOM, , 
LVDC-EMS,P054D14LAWSQL01.DM14.LOCAL,LAW,PROD,BAEBusinessAppE@epiqglobal.com, 
LVDC-EMS,P054D18LAWSQL01.DM18.LOCAL,LAW,PROD, , 
LVDC-EMS,P054D20RLSQL00.DM20.LOCAL\EDDS,Relativity,PROD,RTTRelativityTe@epiqglobal.com,
LVDC-EMS,P054D20RLSQL01.DM20.LOCAL\DIST01,Relativity,PROD,RTTRelativityTe@epiqglobal.com,
LVDC-EMS,P054D20RLSQL02.DM20.LOCAL\DIST02,Relativity,PROD,RTTRelativityTe@epiqglobal.com,
LVDC-EMS,P054D20RLSQL03.DM20.LOCAL\DIST03,Relativity,PROD,RTTRelativityTe@epiqglobal.com,
LVDC-EMS,P054D21LAWSQL01.DM21.LOCAL\LAW,LAW,PROD,BAEBusinessAppE@epiqglobal.com,
LVDC-EMS,P054D22NLPSQL01.DM22.LOCAL,NexLP,PROD,BAEBusinessAppE@epiqglobal.com, 
LVDC-EMS,P054D22RLSQL00.DM22.LOCAL\EDDS,Relativity,PROD,RTTRelativityTe@epiqglobal.com, 
LVDC-EMS,P054D22RLSQL01.DM22.LOCAL\DIST01,Relativity,PROD, , 
LVDC-EMS,P054D22RLSQL02.DM22.LOCAL\DIST02,Relativity,PROD, , 
LVDC-EMS,P054D26RLSQL00.DM26.LOCAL\EDDS,Relativity,PROD,RTTRelativityTe@epiqglobal.com, 
LVDC-EMS,P054D26RLSQL01.DM26.LOCAL\DIS01,Relativity,PROD,RTTRelativityTe@epiqglobal.com, 
LVDC-EMS,P054D34RLSQL00.DM34.LOCAL\EDDS,Relativity,DECOM,,
LVDC-EMS,P054D34RLSQL01.DM34.LOCAL\DIS01,Relativity,DECOM,,
LVDC-EMS,P054D35RLSQL01.DM35.local,Relativity,PROD,,
LVDC-EMS,P054D35RLSQL02.DM35.local,Relativity,PROD,,
LVDC-EMS,P054D35RLSQL03.DM35.local,Relativity,PROD,,
LVDC-EMS,P054D54LAWSQL01.DM54.local,LAW,PROD,BAEBusinessAppE@epiqglobal.com,
LVDC-EMS,P054D54RLSQL00.RLTVARC.LOCAL,Relativity,PROD, , 
LVDC-EMS,P054D54RLSQL01.RLTVARC.LOCAL,Relativity,PROD, , 
LVDC-EMS,P054D56LAWSQL01.DM56.local,LAW,PROD,BAEBusinessAppE@epiqglobal.com,
LVDC-EMS,P054D61RLSQL00.DM61.LOCAL\EDDS,Relativity,PROD,RTTRelativityTe@epiqglobal.com,
LVDC-EMS,P054D61RLSQL01.DM61.LOCAL\DIST01,Relativity,PROD,RTTRelativityTe@epiqglobal.com,
LVDC-EMS,P054D76RLSQL00.DM76.LOCAL\EDDS,Relativity,PROD,RTTRelativityTe@epiqglobal.com,
LVDC-EMS,P054D76RLSQL01.DM76.LOCAL\DIST01,Relativity,PROD,RTTRelativityTe@epiqglobal.com,
UKDC,P064CMXSQLA01.eucust.local\CMX01,Claims Matrix,PROD,DL-ECADataServices@epiqglobal.com, 
UKDC,P064CMXSQLA02.eucust.local\ECADA01,Claims Matrix,PROD,DL-ECADataServices@epiqglobal.com, 
UKDC,P064UTLSQLS01.eucust.local\UTIL01,Octopus,PROD, , 
SGDC,SGP-I-NXSQL-01.client.dtiglobal.com,NUIX,PROD, , 
DEDC,P063ESCAPPS01.eucust.local\STATCOLLECTOR,StatCollector,PROD,EpiqMetricsDev@epiqglobal.com, 
LVDC-EMS,P054D77RLSQL00.DM77.LOCAL\EDDS,Relativity,PROD,,
LVDC-EMS,P054D77RLSQL01.DM77.LOCAL\Dis01,Relativity,PROD,,
DEDC,P063LAWSQLS01.eucust.local,LAW,PROD,BAEBusinessAppE@epiqglobal.com, 
LVDC-EMS,P054D85RLSQL00.DM85.LOCAL\EDDS,Relativity,PROD,RTTRelativityTe@epiqglobal.com,
LVDC-EMS,P054D85RLSQL01.DM85.LOCAL\DIST01,Relativity,PROD,RTTRelativityTe@epiqglobal.com,
LVDC-EMS,P054D87RLSQL00.DM87.LOCAL\EDDS,Relativity,PROD,RTTRelativityTe@epiqglobal.com,
LVDC-Corp,P054SHPSQLS03.AMER.EPIQCORP.COM\SP2016TEST,Sharepoint,NONPROD, , 
LVDC-Corp,P054SQLCI0803.EPIQCORP.COM\WEBSENSE,Websense,DECOM, ,CHG0069049
LVDC-EMS,P054D87RLSQL01.DM87.LOCAL\DIST01,Relativity,PROD,RTTRelativityTe@epiqglobal.com,
LVDC-EMS,P054D89NXSQL01.EMSCUST.LOCAL,NexLP,PROD, , 
LVDC-EMS,P054D89RLSQL01.EMSCUST.LOCAL\REL01,Relativity,PROD,RTTRelativityTe@epiqglobal.com, 
LVDC-EMS,P054D89RLSQL02.EMSCUST.LOCAL\REL02,Relativity,PROD,RTTRelativityTe@epiqglobal.com, 
DEDC,P063NLPSQLS01.eucust.local,NexLP,PROD,BAEBusinessAppE@epiqglobal.com, 
DEDC,P063SQLMGMT01.eucust.local\SQLADMIN,SQL Management,PROD,IT-DBA@epiqglobal.com, 
LVDC-EMS,P054D89RLSQL03.EMSCUST.LOCAL\REL03,Relativity,PROD, , 
LVDC-EMS,P054D89RLSQL04.EMSCUST.LOCAL\REL04,Relativity,PROD,RTTRelativityTe@epiqglobal.com, 
LVDC-Corp,P054SQLSENS01.EPIQCORP.COM\SENTRYONE,SentryOne,DECOM, , 
LVDC-ITAR,P054TRECPSQLS01.HCUSCUST.LOCAL\ECAPTURE,Ecapture,DECOM,"Ops Engineering/ Tae Yi, Jared Knutson", 
DEDC-Por,P063LAWSQLS02.PAG.EPQPORSCHE.DE,LAW,PROD,BAEBusinessAppE@epiqglobal.com,
LVDC-Corp,P054TRNSQLS01.AMER.EPIQCORP.COM\LEARNDEVELOP,Training,DECOM, ,DECOM
DEDC-Por,p063sqlmgmt02.PAG.EPQPORSCHE.DE\sqladmin,DBA utility,PROD,IT-DBA@epiqglobal.com,
LVDC-EMS,P054D92RLSQL01.DM92.LOCAL,Relativity,PROD,,
LVDC-EMS,P054D92RLSQL02.DM92.LOCAL,Relativity,PROD,,
LVDC-EMS,P054D92RLSQL03.DM92.LOCAL,Relativity,PROD,,
LVDC-EMS,P054D93LAWSQL01.EMSCUST.LOCAL\LAW,LAW,PROD, , 
LVDC-EMS,P054D99RLTSQL01.DM99.LOCAL,Relativity,PROD,,
LVDC-EMS,P054D99RLTSQL02.DM99.LOCAL,Relativity,PROD,,
LVDC-EMS,P054D99VNSQLT01.DM99.local,Venio,PROD,BAEBusinessAppE@epiqglobal.com,
HKDC,P062ESCAPPS01.APCUST.LOCAL\STATCOLLECTOR,IT,PROD,"Jared Knutson, Ops Engineering", 
HKDC,P062SQLMGMT01.APCUST.LOCAL\SQLADMIN,SQL Management,PROD,IT-DBA@epiqglobal.com, 
LVDC-GCG,P054GCGSQLU01,CLASS,PROD,,
LVDC-GCG,P054GCTXSQLS01.GCDOMAIN.LOCAL,Citrix,PROD,,
KADC,P082CTXSQLS01.CACUST.LOCAL,Citrix,PROD,James Luhring, 
KADC,P082ESCAPPS01.CACUST.LOCAL\STATCOLLECTOR,StatCollector,PROD, , SQL Max memory to be 60% of the total server memory
KADC,P082ICTXSQLS01.CACUST.LOCAL,Citrix,PROD,James Luhring, 
LVDC-ITAR,P054HCGOASQLS01.HCUSCUST.LOCAL\GOANYWHERE,GoAnywhere,DECOM,BAEBusinessAppE@epiqglobal.com,CHG0069430
LVDC-USCUST,P054FLTSQLS01.USCUST.LOCAL\FORLIT,Forensic Litigation,PROD-DECOM, , 
LVDC-ITAR,P054TREXTSQLS01.HCUSCUST.LOCAL\EXTERRO,Exterro,DECOM, , 
LVDC-Corp,P054XMPSQL01.AMER.EPIQCORP.COM,XMPie,NONPROD,BAE, 
CADC,P060CTXSQLS01.CACUST.LOCAL\CITRIX,Citrix,PROD-DECOM, ,RITM0218516
KADC,P060ESCAPPS01.CACUST.LOCAL\STATCOLLECTOR,STATCOLLECTOR,DECOM,EpiqMetricsDev@epiqglobal.com, 
CADC,P060INFSQLS11.CACUST.LOCAL\ITPROD01,Utility,DECOM, , 
CADC,P060SMNLPSQL01.cacust.local\NEXLP,NexLP,DECOM, ,Send decom request to ServerOps
KADC,P082SQLMGMT01.CACUST.LOCAL,Management,PROD,IT-DBA@epiqglobal.com, 
LFDC,P078SQLMGMT01.EUCUST.LOCAL\SQLADMIN,DBA utility,PROD,,
CADC,P060SQLMGMT01.CACUST.LOCAL\SQLADMIN,SQL Management,DECOM,IT-DBA@epiqglobal.com,DBA team to retire this/ CHG0068782
LVDC-corp,P054SQLRPTS01.amer.epiqcorp.com\CORPSSRS,ReportingServer,Prod,,
LVDC-Corp,E061ESRSQLS01.AMER.EPIQCORP.COM\EPIQDIRECTORY,EpiqService,PROD, , 
LVDC-Corp,P054BSFSQL01.AMER.EPIQCORP.COM,Unknown,PROD,BAE, 
LVDC-Corp,P054CORSQLS01.AMER.EPIQCORP.COM\EPIQSYSTEMS,Unknown,PROD, , 
HKDC,P062PRTSQLS01.APCUST.LOCAL\PORTAL,Portal,Decom, , 
LVDC-Corp,P054CRMSQLP01.EPIQCORP.COM\CRM,Dynamics,PROD, , 
LVDC-Corp,P054ECACOMMS01.AMER.EPIQCORP.COM\COMM01,Claims Matrix,PROD, , 
LVDC-Corp,P054IBFSQLS01.EPIQCORP.COM\BIGFIX01,BigFix,DECOM, , 
LVDC-Corp,P054ICTXSQLS01.AMER.EPIQCORP.COM,Citrix,PROD,James Luhring, 
LVDC-Corp,P054II3SQLD01.AMER.EPIQCORP.COM\CIC,Interactive Intelligence (I3 Phone System),PROD, , 
LVDC-Corp,P054OPNSQLS02.AMER.EPIQCORP.COM,Open Print,PROD,DL-EpiqPrintSE <EpiqPrintSE@epiqglobal.com>,Pre-prod environment
HKDC,P062TMXSQLS01.APCUST.LOCAL\TMX,TMX,Decom,Court Reporting, 
LVDC-Corp,P054NAVSQLS01.EPIQCORP.COM\NAVISION,Navision,PROD,"Controller/Beth Armstrong,Barry Ferguson", 
DEDC,P063EQNSQLS02.eucust.local\EQND (RITM0184179),EquivioNearDupes,DECOM, ,Send decom request to ServerOps
LVDC-Corp,P054OPNSQLS01.AMER.EPIQCORP.COM,Open Print,PROD,DL-EpiqPrintSE <EpiqPrintSE@epiqglobal.com>, 
LVDC-Corp,P054OPNSQLS03.AMER.EPIQCORP.COM,Open Print,PROD,DL-EpiqPrintSE <EpiqPrintSE@epiqglobal.com>, 
LVDC-Corp,P054OPNSQLS05.AMER.EPIQCORP.COM,Open Print,PROD, , 
LVDC-Corp,P054OPNSQLS06.AMER.EPIQCORP.COM,Open Print,PROD, , 
LVDC-Corp,P054SHPSQLS02.AMER.EPIQCORP.COM\SHAREPOINT02,Sharepoint,PROD, , 
KADC,P082HEPCSQLP02.AMER.EPIQCORP.COM,Hep C,PROD,"Gibi Peter, Joe Bottrell", 
DEDC,P063PRTSQLS02.eucust.local\PORTAL,Portal,DECOM,,Send decom request to ServerOps
KADC,P082HEPCSQLS01.AMER.EPIQCORP.COM,Hep C,PROD,"Gibi Peter, Joe Bottrell", 
LVDC-Corp,P082II3SQLS01.AMER.EPIQCORP.COM\CIC,I3,PROD, , 
HKDC,P062UTLSQLS01.APCUST.LOCAL\UTIL01,Octopus,PROD,Product Developement, 
UKDC,LON-I-RBISQL-01.corp.dtiglobal.com,Reporter Base,PROD,BAEBusinessAppE@epiqglobal.com, 
LVDC-ITAR,P054TRNLPSQLS01.HCUSCUST.LOCAL\NEXLP,NexLP,PROD, , 
LVDC-Ranger,P054CFCMXSQLP01.RANGER.EPIQ,Claims Matrix,PROD, , 
DEDC,P063VMVAPPB01.eucust.local\VDI,Vmware,DECOM, ,Send decom request to ServerOps
LVDC-Ranger,P054CFCMXSQLS01.RANGER.EPIQ,Claims Matrix,PROD, , 
LVDC-Ranger,P054ECASISP04.RANGER.EPIQ,Claims Matrix,PROD, , 
LVDC-Ranger,P054ECASRSP04.RANGER.EPIQ,Claims Matrix,PROD, , 
LVDC-Ranger,P054OPCMXSQLP01.RANGER.EPIQ,Claims Matrix,PROD, , 
UKDC,P064CMXSSISA02.eucust.local\SSISDEV,Claims Matrix,NONPROD,DL-ECADataServices@epiqglobal.com, 
LVDC-Ranger,P054OPCMXSQLS01.RANGER.EPIQ,Claims Matrix,PROD, , 
LVDC-Ranger,P054SECMXSQLP01.RANGER.EPIQ,Claims Matrix,PROD, , 
LVDC-Ranger,P054SECMXSQLS01.RANGER.EPIQ,Claims Matrix,PROD, , 
LVDC-Ranger,P054USCMXSQLP01.RANGER.EPIQ,Claims Matrix,PROD, , 
LVDC-USCUST,P054LITSQLS01.USCUST.LOCAL,Litigation,PROD-DECOM,Sagi Sam, 
LVDC-Ranger,P054USCMXSQLS01.RANGER.EPIQ,Claims Matrix,PROD, , 
LVDC-USCUST,P054CTXSQLS01.USCUST.LOCAL\CITRIX,Citrix,PROD,BAEBusinessAppE@epiqglobal.com, 
LVDC-USCUST,P054NLPSQLB01.USCUST.LOCAL\NEXLP,NexLP,PROD,BAEBusinessAppE@epiqglobal.com, 
LVDC-USCUST,P054NTCSQLS01.USCUST.LOCAL\NOTICING,Chap 13,PROD,"Shayne Salisbury, Michelle Davis", 
LVDC-Corp,P064IBFSQLS01.EPIQCORP.COM\BIGFIX01,BigFix,DECOM, , 
LVDC-USCUST,P054NTCSQLS02.USCUST.LOCAL\PRINTANDMAIL,Chap 13,PROD,"Shayne Salisbury, Michelle Davis", 
LVDC-USCUST,P054SQLMGMT02.USCUST.LOCAL\SQLADMIN,SQL Management,PROD,IT-DBA@epiqglobal.com, 
LVDC-USCUST,P054UCTXSQLS01.USCUST.LOCAL,Citrix,PROD,James Luhring, 
LVDC-USCUST,P054UTLSQLS01.USCUST.LOCAL\GOA,Goanywhere,PROD, , 
LVDC-USCUST,P054UTLSQLS02.USCUST.LOCAL\GOA,IT,PROD,"Mike Kelso, Adam Rose, Richard Blumenthal", 
LVDC-USCUST,P054CTXSQLS03.USCUST.LOCAL\CITRIX,Citrix,DECOM, , 
LVDC-USCUST,P054ECASSID01.USCUST.LOCAL\ECASSID01,Claims Matrix,NONPROD,DL_ECADataServicesManagement@epiqglobal.com,
LVDC-ITAR,P054TRLAWSQLA01.HCUSCUST.LOCAL\LAW,LAW,DECOM,BAEBusinessAppE@epiqglobal.com, 
LVDC-USCUST,P054ECPSQLS03.uscust.local,Ecapture,PROD,,
SGDC,P075ESCAPPS01.client.dtiglobal.com\STATCOLLECTOR,StatCollector,PROD,,
KADC,P082SMRLSQL00.CACUST.LOCAL\EDDS,Relativity,DECOM,RTTRelativityTe@epiqglobal.com, Alias to P060SMRELSQL01
TKDC,P053ESCAPPS01.apcust.local\STATCOLLECTOR,StatCollector,PROD, , 
TUDC,P077NUXSQLS01.CLIENT.DTIGLOBAL.COM,Nuix,PROD, , 
SHDC,WIN-DNI6AEBJAH5\EDDS,Relativity,PROD,,Relativity(JHICC/Offline)
TUDC,TUK-P-LAWSQL-01.client.dtiglobal.com,LAW,DECOM,BAEBusinessAppE@epiqglobal.com, 
LVDC-ITAR,P054UOR2QSQLS01.HCUSCUST.LOCAL\EDDS,Relativity,PROD,RTTRelativityTe@epiqglobal.com, 
LVDC-EMS,P054EMSQLCL0101.EMSCUST.LOCAL\RDC,RDS,PROD,,
TUDC,P077NLPSQLS01.CLIENT.DTIGLOBAL.COM,NEXLP,PROD,BAEBusinessAppE@epiqglobal.com,
UKDC,P064CIRSQLS01.eucust.local,Cyber incident review,prod, , 
UKDC,P064CNBSQLS01.client.dtiglobal.com\CASENOTE,Case Notebook,PROD, , 
UKDC,P064CTXSQLS01.eucust.local\CITRIX,Citrix,PROD, , 
UKDC,P064ESCAPPS01.eucust.local\STATCOLLECTOR,StatCollector,PROD,EpiqMetricsDev@epiqglobal.com, 
LVDC-EMS,P054EMSQLCL0102.EMSCUST.LOCAL\RDC,RDS,PROD,,
LVDC-EMS,P054ESCAPPS04.IDSP.LOCAL,StatCollector,PROD,Ben Fay,App and DB services run on the same server
TKDC,P053EDXSQLS02.apcust.local\EDMX,DMX,DECOM, , 
LVDC-EMS,P054ESCAPPS05.RLTVARC.LOCAL,StatCollector,PROD,Ben Fay,App and DB services run on the same server
TKDC,ED053-HSCXSQL01.EDHS.AP,Unknown,DECOM, , 
LVDC-EMS,P054GTLAWSQLS01.DM80.local,LAW,PROD,BAEBusinessAppE@epiqglobal.com,
LVDC-EMS,P054HLCNBSQLS01.DM75.LOCAL\CNB,DM75 Case Notebook,PROD, , 
LVDC-EMS,P054HLCTXSQLS01.DM75.LOCAL\CITRIX,Citrix,PROD, , 
UKDC,P064GOASQLS01.eucust.local\GOANYWHERE,GoAnywhere,PROD,BAEBusinessAppE@epiqglobal.com, 
TKDC,P053ICTXSQLS01.APCUST.LOCAL,Citrix,DECOM,James Luhring, 
UKDC,P064IRDPSQLS01.eucust.local,IRIS RDP,PROD, , 
UKDC,P064ITMSQLS01.client.dtiglobal.com\ITOM,ITOM,PROD,BAEBusinessAppE@epiqglobal.com, 
UKDC,P064LAWSQLS01.eucust.local\LAW,LAW,PROD,BAEBusinessAppE@epiqglobal.com, 
TUDC,P077XMPSQL01.AMER.EPIQCORP.COM,XMPie,DR,BAE, 
LVDC-EMS,P054IDSEVIDB01.IDSP.LOCAL,Bridge Metrics,PROD,"BAEBusinessAppE@epiqglobal.com, LSOps", 
LVDC-EMS,P054RDSSQLMGT01.EMSCUST.LOCAL\SQLADMIN,DBA utility,PROD, , 
LVDC-EMS,P054RL1NSQL00.RLTV.LOCAL\EDDS,Relativity,PROD,,
LVDC-EMS,P054RL1NSQL01.RLTV.local\DIS01,Relativity,PROD,,
SGDC,P075RL1PSQL00.client.dtiglobal.com\EDDS,Relativity,DECOM,RTT, 
LVDC-EMS,P054RL1NSQL02.RLTV.local\DIS02,Relativity,PROD,,
LVDC-EMS,P054RL1NSQL03.RLTV.local\DIS03,Relativity,PROD,,
LVDC-EMS,P054RL1NSQL04.RLTV.local\DIS04,Relativity,PROD,,
UKDC,P064LAWSQLS02.eucust.local\LAW,LAW,PROD,BAEBusinessAppE@epiqglobal.com,
UKDC,P064LITSQLS02.eucust.local,Litigation,PROD,Usman Akhtar, 
UKDC,P064NLPSQLS01.eucust.local\NEXLP,NexLP,PROD,BAEBusinessAppE@epiqglobal.com, 
UKDC,P064SQLMGMT01.EUCUST.LOCAL\SQLADMIN,SQL Management,PROD,IT-DBA@epiqglobal.com, 
LVDC-Corp,p054ebsssib01.amer.epiqcorp.com,Interchange,PROD,Keith Connors,
LVDC-Corp,P054BCSSQLS01.EPIQCORP.COM\EBSCONSULTING,Claims Matrix,PROD,DL_ECADataServicesManagement@epiqglobal.com, 
HKDC,P062CTXSQLS02.APCUST.LOCAL\CITRIX,Citrix,PROD, ,No user databases
AUDC,AUS-C-ALLSQL-01.WORDWAVE.COM.AU,TOMS,PROD,Oliver Kurz, 
AUDC,AUS-C_DMZSQL-01.WORKGROUP,TOMS,PROD,Oliver Kurz, 
LVDC-Corp,PDX1NT09.POORMAN-DOUGLAS.NET,PDX,DECOM, ,CHG0058819; REQ0122650/ RITM0134343
LVDC-Corp,Q061ECAAPPS01.AMER.EPIQCORP.COM\OPENPRINT,Print and Mail,NONPROD,DL_ECADataServicesManagement@epiqglobal.com, 
LVDC-Corp,Q061ECASQLS01.AMER.EPIQCORP.COM\OPENPRINT,OpenPrint,NONPROD, , 
DQS,Q061GOASQLS01.dqscust.local\GOA,GoAnywhere,NONPROD,BAEBusinessAppE@epiqglobal.com, 
AUDC,P076TOMSQL01.WORDWAVE.COM.AU\TOMS,TOMS,PROD,Oliver Kurz,
DQS,Q061SQLMGMT01.dqscust.local\SQLADMIN,SQL Management,NONPROD,IT-DBA@epiqglobal.com, 
DQS,Q061TMXSQLS01.dqscust.local\TMX,TMX,NONPROD-DECOM, , 
TUDC,P077NUXSQLS02.CLIENT.DTIGLOBAL.COM,Nuix,PROD, , 
LVDC-Corp,Q082HEPCSQL01.AMER.EPIQCORP.COM\HEPCQA01,CLASS,DECOM, , 
TUDC,P077ECPSQLS01.client.dtiglobal.com,Ecapture,DECOM,,
DEDC,P063GOASQLS01.eucust.local\GOANYWHERE,GoAnywhere,PROD,BAEBusinessAppE@epiqglobal.com, 
LVDC-Corp,S054XMPSQL01.AMER.EPIQCORP.COM,XMPie,NONPROD,BAE, 
DQS,S061AFISQLS01.dqscust.local\AUTOMATEDFILING,AutomatedFiling,NONPROD, , 
LVDC-Corp,S061EBSSSIB01.AMER.EPIQCORP.COM\EBSSSISUAT,Bankruptcy,NONPROD,EBS-ProdDevTeam@epiqglobal.com, 
DQS,S061EDXSQLS03.dqscust.local\EDMX,DMX,NONPROD,DMX-Support@epiqglobal.com, 
DQS,S061ESCAPPS01.dqscust.local\STATCOLLECTOR,StatCollector,NONPROD,EpiqMetricsDev@epiqglobal.com, 
DEDC,P063IRDPSQLS01.eucust.local,IRIS RDP,PROD,BAEBusinessAppE@epiqglobal.com, 
DQS,S061EXTSQLS01.dqscust.local\EXTERRO,Exterro,DECOM, , 
DQS,S061NTCSQLS01.dqscust.local\NOTICING,Chap 13,NONPROD,"Shayne Salisbury, Michelle Davis", 
DQS,S061NTCSQLS02.dqscust.local\PRINTANDMAIL,Chap 13,NONPROD,"Shayne Salisbury, Michelle Davis", 
DEDC,P063STSSQLS01.eucust.local\SERVICES,Epiq Portal-File Share,PROD,Kevin Seals and Mark Duvall, 
DQS,S061STSSQLS01.dqscust.local\ESS,STS = Epiq Corp Doc Storage System,NONPROD,Chapter 11, 
UKDC,S064ITMSQLS01.client.dtiglobal.com\ITOM,ITOM,NonPROD,BAEBusinessAppE@epiqglobal.com, 
LVDC-EMS,P054RL1NSQL05.RLTV.local\DIS05,Relativity,PROD,,
DQS,D061RELCSQLCL01.dqscust.local\EDDS,Relativity,NONPROD, , 
HKDC,P062IRDPSQL01.APCUST.LOCAL\IRISRDP,RDP,PROD, , 
HKDC,P062STSSQLS01.APCUST.LOCAL\SERVICES,Epiq Portal-File Share,PROD,Kevin Seals and Mark Duvall, 
LVDC-EMS,P054RL1NSQL06.RLTV.local\DIS06,Relativity,PROD,,
LVDC-EMS,P054RL1NSQL07.RLTV.local\DIS07,Relativity,PROD,,
LVDC-Corp,P054CMXSISS01.AMER.EPIQCORP.COM,Claims Matrix,PROD,DL-ECADataServices@epiqglobal.com, 
TUDC,TUK-P-OPSQLV-05.client.dtiglobal.com\OPSQL05,Ecapture,DECOM,"Ops Engineering/ Tae Yi, Jared Knutson", 
TUDC,TUK-P-OPSQLV-02.client.dtiglobal.com\OPSQL02,NuixReporting,PROD,Holmes Cooper, 
TUDC,TUK-P-OPSQLV-23.client.dtiglobal.com\OPSQL23,Ecapture,DECOM,"Ops Engineering/ Tae Yi, Jared Knutson", 
TUDC,TUK-P-OPSQLV-24.client.dtiglobal.com\OPSQL24,Ecapture,DECOM,"Ops Engineering/ Tae Yi, Jared Knutson", 
TUDC,P077CMSQLS01.dpo.net\COMMDB02,Community SQL,PROD,,
LVDC-Corp,U061CORSQLS01.AMER.EPIQCORP.COM\CORP,Corporate Website,DECOM, , 
LVDC-EMS,P054RL1NSQL08.RLTV.local\DIS08,Relativity,PROD,,
LVDC-Corp,Z016INFSQLS01.EPIQCORP.COM\ITPROD01,Volume Management,DECOM, , 
LVDC-Corp,Z054SQLTEMP01.AMER.EPIQCORP.COM\SQL2017,Demo,DECOM, , 
LVDC-Corp,Z054SQLTEMP10.AMER.EPIQCORP.COM,Demo,NONPROD, , 
DQS,Z061VRSSQLS01.dqscust.local\VARONIS,Varonis,NONPROD, , 
TUDC,TUK-P-LAWSQL-02.client.dtiglobal.com,LAW,DECOM,BAEBusinessAppE@epiqglobal.com, 
LVDC-Corp,P054CMXSQLS01.AMER.EPIQCORP.COM,Claims Matrix,PROD,DL-ECADataServices@epiqglobal.com, 
LVDC-Corp,P054CNSSQLS01.AMER.EPIQCORP.COM,Claims Matrix,PROD,DL_ECADataServicesManagement@epiqglobal.com, 
LVDC-Corp,P054DACSQLS01.AMER.EPIQCORP.COM,Claims Matrix,PROD,DL_ECADataServicesManagement@epiqglobal.com, 
LVDC-Corp,P054EBSSQLB01.AMER.EPIQCORP.COM\EBSSSISPROD,EBS-SSIS,PROD,EBS-ProdDevTeam@epiqglobal.com, 
LVDC-Corp,P054ECARPTS01.AMER.EPIQCORP.COM\POWERBI,Claims Matrix,PROD, , 
LVDC-USCUST,P054BDRSQLS01.USCUST.LOCAL\BINDERS,Relativity,DECOM,RTTRelativityTe@epiqglobal.com,Rel B (Epiq B)/ Rel B/ INVARIANT
LVDC-Corp,P054IMGSQLS01.AMER.EPIQCORP.COM,Claims Matrix,PROD,DL_ECADataServicesManagement@epiqglobal.com, 
LVDC-EMS,P054RLD14SQL01.DM14.LOCAL,Relativity,DECOM, ,TASK0431803
TUDC,P077EDSSQLS01.client.dtiglobal.com,EDS,PROD,Chow Ng,
LVDC-ITAR,"P054TRESCAPPS01.HCUSCUST.LOCAL,8881\STATCOLLECTOR",StatCollector,PROD,EpiqMetricsDev@epiqglobal.com, 
LVDC-USCUST,P054RSASQLA01.USCUST.LOCAL\ADAPTIVEAUTH,RSA,PROD, , 
LVDC-ITAR,P054TRSTSSQLS01.HCUSCUST.LOCAL\SERVICES,Storage Service,PROD, , 
LVDC-Ranger,P054SQLMGMT05.RANGER.EPIQ,DBA utility,PROD, , 
TUDC,P077VENSQL01.client.dtiglobal.com,Venio,PROD,BAEBusinessAppE@epiqglobal.com,
TUDC,P077GOASQLS01.client.dtiglobal.com,GoAnywhere,DECOM,BAEBusinessAppE@epiqglobal.com,REQ0224085 
LVDC-Corp,P054CIRSQLS01.amer.epiqcorp.com,IT,PROD,,
LVDC-USCUST,P054AFISQLS01.USCUST.LOCAL\AFI,AutomatedFiling,PROD, , 
TUDC,TUK-P-OPSQLV-06.client.dtiglobal.com\OPSQL06,EquivioZoom,DECOM,BAEBusinessAppE@epiqglobal.com, 
LVDC-USCUST,P054FLTSQLS02.USCUST.LOCAL\FORLITST,Forensic Litigation,PROD, , 
UKDC,P064TMXSQLS01.client.dtiglobal.com\TMX,TMX,DECOM,Ian Berry, 
LVDC-Corp,P054OCRSQLS02.AMER.EPIQCORP.COM,OCR,PROD, , 
LVDC-EMS,P054RLD14SQL02.DM14.LOCAL,Relativity,PROD,RTTRelativityTe@epiqglobal.com, 
LVDC-EMS,P054RLD14SQL03.DM14.LOCAL,Relativity,PROD, , 
LVDC-EMS,P054RLUATSQL01.rltvuat.local\EDDS,Relativity,NonProd,,
HKDC,P062RSASQLA01.APCUST.LOCAL\ADAPTIVEAUTH,ADT Security,PROD,ServerOps, 
LVDC-USCUST,P054STSSQLS01.USCUST.LOCAL\SERVICES,Storage Service,PROD, , 
TKDC,P053GOASQLS01.apcust.local\ITPROD01,GoAnywhere,PROD,BAEBusinessAppE@epiqglobal.com, 
UKDC,P064RSASQLA01.eucust.local\ADAPTIVEAUTH,RSA,PROD, , 
TUDC,P077VENSQL02.client.dtiglobal.com,Venio,PROD,BAEBusinessAppE@epiqglobal.com,
LVDC-USCUST,P054OCRSQLS01.USCUST.LOCAL\OCR,OCR,PROD, , 
UKDC,P064CMXSSISA01.eucust.local\ECASSIS,Claims Matrix,PROD,DL-ECADataServices@epiqglobal.com, 
UKDC,P064CTXSQLS02.eucust.local\CTX,Citrix,PROD, , 
UKDC,P064ICTXSQL01.eucust.local,Citrix,PROD,ServerEng, 
UKDC,P064NLPSQLSB01.client.dtiglobal.com,NexLP,PROD,BAEBusinessAppE@epiqglobal.com,
TUDC,P077CTXSQLS01.client.dtiglobal.com\CITRIX,Citrix,DECOM,IT,
UKDC,P064STSSQLS01.eucust.local\SERVICES,Utility,Prod, , 
HKDC,HKG-I-RBI-01.APAC.EPIQCORP.COM,Reporter Base,PROD,BAEBusinessAppE@epiqglobal.com,
HKDC,hkg-i-rbi-01.corp.dtiglobal.com,Report Base,Prod,BAE,
LVDC-Corp,"P054ADZAGTA06.EPIQCORP.COM
",Unknown,PROD,,
LVDC-Corp,P054ECADWSQL01.amer.epiqcorp.com,DW,PROD,"Kumar, Chandan",
LVDC-USCUST,P054INTSSMS01.USCUST.LOCAL,Management,Prod,Keith Connors,
TKDC,P053SQLMGMT01.APCUST.LOCAL,DBA utility,PROD,,
TUDC,P077EDSSQLT01.client.dtiglobal.com,EDS,NONPROD,Hanif Barnwell,
KADC,P082HEPCPOLS01.AMER.EPIQCORP.COM,SentryOne,PROD,,
LVDC-EMS,P054RLUATSQL02.rltvuat.local\DIST01,Relativity,NonProd,,
LVDC-EMS,P054SQLCI1401.RLTV.LOCAL\REL01,Relativity,DECOM,RTTRelativityTe@epiqglobal.com,IRIS01/ DM01/ DISTRIBUTED
LVDC-EMS,P054SQLCI1402.RLTV.LOCAL\REL02,Relativity,DECOM,RTTRelativityTe@epiqglobal.com,IRIS01/ DM01/ DISTRIBUTED
LVDC-EMS,P054SQLCI1403.RLTV.LOCAL\REL03,Relativity,DECOM,RTTRelativityTe@epiqglobal.com,IRIS01/ DM01/ DISTRIBUTED
LVDC-EMS,P054SQLCI1404.RLTV.LOCAL\REL04,Relativity,DECOM,RTTRelativityTe@epiqglobal.com,IRIS01/ DM01/ DISTRIBUTED
LVDC-EMS,P054SRINVSQLS01.DM87.LOCAL,Relativity,PROD,,
LVDC-EMS,P054SRRELSQLS01.DM87.local,Relativity,PROD,,
LVDC-EMS,P054SRRELSQLS02.DM87.local,Relativity,PROD,,
LVDC-EMS,P054WCRELINVSQL01.DM76.LOCAL,Relativity,PROD,RTTRelativityTe@epiqglobal.com, 
LVDC-EMS,P054WCRELSQL01.DM76.LOCAL,Relativity,PROD,RTTRelativityTe@epiqglobal.com, 
LVDC-EMS,RLTV9SQL01.RLTVUAT.LOCAL,Relativity,NonProd,,
LVDC-EMS,RLTV9SQL02.RLTVUAT.LOCAL,Relativity,NonProd,,
LVDC-EMS,RLTV9SQL03.RLTVUAT.LOCAL,Relativity,NonProd,,
LVDC-EMS,RLTV9TEST05.rltvuat.local,Relativity,Nonprod,,
LVDC-CORP,P054ACRPBIAPP.amer.EPIQCORP.COM,Aacer Power BI,PROD,Epiq-Analytics-Team@epiqglobal.com,
